F1,F2,F3,poly
-0.1381392018700473,-0.5835759346799775,1.1097306410236778,1.7071964815395662
-0.7610550636104201,0.27819074527649723,-0.16077378594814057,0.07323437613592264
-1.146377043305691,-0.4765803341296091,-0.07139042629355911,0.22676496693457548
0.9228102011583548,1.0210225972143556,-0.22119120996088712,1.03166524211815
1.4383821658556628,-0.4919409832489761,1.9406843416501487,7.551119421666697
0.09531577374758235,0.26513795852580047,0.15342297924230014,0.07390950081050461
1.0141198425990507,-0.18948312691906707,0.14792279709227038,0.0391405768754627
-1.6330369359092771,0.8986731339928807,-0.3506825476559017,0.7644870760141952
0.0911915458539304,0.8427833050355537,0.052505465808616654,0.7104284475717615
1.2663874089230862,0.6980380596766796,-0.8294930510096158,-0.08348279555732901
-1.312821278924482,-0.06695247168218632,0.7812036112928433,0.4812348564512369
-1.0426058559821898,-0.4050212787740206,-1.076679792039742,-1.084087372494591
-0.8654835505314735,0.4090420493825638,0.49275401450991246,0.2869592850586685
0.44308496935344893,0.3414645799028095,0.12466042166361521,0.11853530979706864
0.23700052222130127,-0.17256476362362225,0.5636213046701491,0.2088235998312138
0.3891265767269683,0.7097993906121868,-0.07735863941526232,0.5033522330362883
-0.9799989344979058,-0.5224207065417168,0.9603097361825196,1.1585160295478196
-0.5251508773244447,-0.24802998080931368,0.3183481012325211,0.09378202319000445
1.035443102688503,1.3773293497053116,-1.4180955687795087,-0.9547470206104909
-1.0149433488667543,-0.32893278647724955,-0.6275767985570154,-0.13897599969423208
-1.611146596280561,1.6650490154003377,1.4940491283393187,6.107378987169418
-0.5027029219746129,0.5580711057283592,1.2718962841763561,2.3690156164667555
-0.017136449024076416,0.36141113469263236,-0.3922961463014209,0.07024509603976356
-1.149607851403902,0.46840573197184976,-0.7808466969895635,-0.25669513974441416
2.86900164863012,0.08969100934485442,0.9038931210478676,0.7465457425663157
1.3843549635224306,-0.8199593000714307,0.34615399665725405,0.7138103219848814
-0.1480560174746591,-0.9613708803300943,-0.05805814125535427,0.9240382701967245
0.7967086577486777,1.3381035053219252,-0.11365880987298212,1.7890527095027537
0.5009621705084607,0.6780525501494824,0.7712463378109258,0.9185087120213578
-1.9439952744735336,-0.4561015606336013,0.4742479995266992,0.31469230371099577
0.014057062329956753,-0.19623550235251924,-0.18955685157576746,0.03169725350801592
-0.8403406641625784,-0.12050892609602161,-0.5210406147688234,-0.12693143584990454
-0.8368628374179464,0.46188905184438833,1.1628608640186755,1.7858147377085698
-0.3090806608292013,-0.9141054123379087,0.14824598434728423,0.8388466878694556
-0.2968476879090983,0.34574834469131965,-1.3635910083869447,-2.4158925287802093
0.04253979316548956,0.2805612042102274,-1.086451236488668,-1.2037066896889659
0.4591481312258232,-1.7457345331135437,-0.3159978436509046,3.01603521007394
-1.9416193888828657,-0.5028325872968573,-1.3410336637733893,-2.158835825483673
1.208017583978693,1.855069033694318,-1.1995246245622866,1.7153339282354145
-0.18100051583313326,1.0093515827551254,1.482395138716346,4.2763470377845465
0.25656161493589597,0.9010166924908989,-0.6969592755399435,0.47328155660706817
-1.3100884600378435,-0.48074354783690837,0.33738105699507953,0.2695170874294538
1.0280314980877452,0.24509475310508055,-0.3332140070014631,0.02307416216948569
-0.35378698171586453,-0.41861461988842985,0.5161072676917399,0.31271199579700626
0.030452353253115697,0.9208210826833292,0.41008608835996413,0.9168758897904495
-0.2830441962472163,0.8981083211956651,-0.8333098436192441,0.22794378842214114
1.092303958889951,0.7759595851299104,-0.7987836139569914,0.09244518972930438
0.8282606073455115,-0.1760824802401389,-2.5255644176293717,-16.07824604392407
-0.5937595314636421,0.5542983972493483,-0.7030333304785572,-0.04023163281720454
-0.6989643874203908,-0.20546942887933475,-1.9440421453718666,-7.304900527431225
1.0398062497077014,-0.34815111618195144,-0.5745755809290928,-0.06847951528577385
0.4681743757146703,0.861984261227382,0.2691199258256255,0.762508021069883
1.333895355807074,1.182168025790913,-0.27664224599341813,1.376349552211717
-1.1295618007835468,0.6227944910250485,0.4293025797326178,0.4669937461391984
-1.3661862630695918,0.7004548761416312,-0.6758461262458719,0.18193215933500634
-0.5540648097685857,0.27401969940756093,-0.5051790441670745,-0.05383786012452689
0.5408800245412293,-1.7332557465893068,-0.9132302089014593,2.2425511559048905
0.32993439427422894,0.5745836264469297,0.5913203487583207,0.5369072719689039
-0.90078720328441,0.5976199002514333,0.3598163123262401,0.4037341638432318
1.1756495530403974,1.205616525830346,-2.442842417392354,-13.124099804915122
0.6346091379701483,0.41740488405242804,-0.15653344969139266,0.17039134180585638
-1.4595985233594786,-1.117626440641651,-0.3335120130366378,1.2119922319510463
-0.21106446986810776,2.191954002254081,-1.1581581384181718,3.2511897753394168
-0.8315009435343771,-1.6042999498837252,0.9064018582466777,3.318445763339086
-0.38789678929106647,0.44077000597915567,-1.143581924759433,-1.3012749352706088
-1.256838303325382,0.675073734591625,-0.6303409162664756,0.20527139843419623
0.47069645332681254,0.26649552807598803,-0.19099655061249257,0.06405237298899902
-1.248172168226301,0.7135301165132242,1.022767168140453,1.578993564651895
1.0624488855726693,0.3887056070087404,1.1727714678165804,1.764113617518965
-0.047659633981788595,-1.007974516564345,0.7920385231325954,1.5128782100919747
-0.23247987917625815,-0.6380352937476546,0.2760807251066863,0.4281320654110602
-0.3945017441596868,-0.7485771112390024,-1.499546929700837,-2.811575007643849
-0.7109580845965896,-0.9661291907725831,1.8140005726417052,6.902552410262185
-0.21677478009160514,-1.0535116833134144,-2.669332596208272,-17.91000613602915
-0.5725578508897257,1.4932254358554475,-0.2339180267345059,2.2169227591534475
-1.3974544020101571,1.7019573104834016,-1.1350316349206648,1.4344010496132262
0.04124183634520593,2.768852219921522,-0.963015541992848,6.773443028579393
0.851689721874364,-1.2850414303915458,-1.9255771508810726,-5.488414685241156
2.2769239007941633,-0.6171952181748876,1.6525756690953153,4.894124570413985
-0.1971578097734714,-1.1626962384909356,0.9001558409477765,2.0812413020811347
-0.9004151867301005,-0.09438982440571103,-0.5412469586579531,-0.14964792136908914
0.24780514894279196,-0.35520818931657006,-1.1888605013302667,-1.5541498440564947
0.7948181309100837,-2.4722601482969266,1.7421527735753692,11.39967165441022
1.703790563107851,0.2905785727228476,-0.8232705879893478,-0.47355587214577183
-1.315817478421387,0.8310782620157867,-1.0052887693010975,-0.32525929148286536
-0.10463582573086572,0.15210924759368635,-0.52745118679895,-0.12360220470721028
0.4291812467534509,1.7390832669429817,0.5919373009457392,3.2318193830585304
-0.017454617833714183,0.2447967124770239,0.056964396394342316,0.06011027662793169
-0.7216811852814267,-1.199571588452507,0.2549686591314349,1.4555472577539263
1.0578048161005307,0.6673954825877785,0.21938022082286315,0.4559749915272908
-1.0442591747623362,2.316770517474929,-0.3857915046717395,5.310006319221293
-0.4910212150717953,0.9026402113700208,-1.2389006379765155,-1.0867980063275837
-0.8587416965824006,-0.6080053813287725,-0.6465382188770114,0.09941002412321193
0.7421948162681445,0.8305268195304688,-1.8495311545234614,-5.637037550986433
-2.4658617501707343,0.2359369946400895,-0.063208712548462,0.055413725057376
-0.5949522469405896,0.7420450332358106,-0.9866702140315916,-0.4099104918477845
1.6058447976780448,0.0670139531742072,1.0541751454147306,1.1759801464533073
0.5428559067384922,1.7341422407684626,0.24851594757541637,3.02259769992806
-0.7153194532573873,0.6432403688255427,-0.24788278743249598,0.3985267969920291
-1.079067053073301,0.1911022568942939,-0.7673992788694666,-0.41540263140782013
-1.1974476945820527,0.11643456230939521,0.41355412378250617,0.08428593392757387
0.14384446767268172,-1.0193332588029018,0.18451416176999297,1.045322164948327
-0.1319360066789206,0.4727727295365605,0.004399684802829706,0.22351413895914446
0.6334420535405988,-0.37953484217977645,-0.3311404009565859,0.10773583844360504
-1.2424972114370594,0.5111252495674231,2.33100570774127,12.926972752054265
-0.07119540666194263,1.0881285579188056,-0.5832608416019462,0.9856023809679215
1.1111441731820366,-0.34547568796102074,-0.7744548954902395,-0.3451494045253672
-0.9712079638636919,0.11640625828274795,-0.9029126045124638,-0.7225501415219175
1.629257933760885,-0.7157461092418655,0.5487229144565312,0.6775112267446619
-0.13493594126779818,-0.6602810561162097,1.8482474732080212,6.749619044840041
-0.6145842947928208,-0.5553093718623846,-0.6398681717949857,0.04638645561175153
0.29074278070279513,-0.23475858435917202,0.6775852945967058,0.36620579435166
2.101030739554855,0.11006822220069641,1.821679720504236,6.057390142049291
0.8098608384731039,1.4389126729094488,-1.396744461157223,-0.6544322306803796
0.599030035855305,-0.35795611062261806,1.6261179198594742,4.428010317421918
0.30033239223200325,0.6395160088186315,1.1342835417818222,1.8683489698318574
-1.0410136908720853,-0.31306944347298993,-0.8370034477659967,-0.48837102278729044
-1.4305779624935973,0.5156465629407935,0.4375278773951806,0.3496476209906975
-2.0481452006996745,-0.4536842647148261,0.7185034144936756,0.5767547568176561
0.23881300483363188,1.4378179947178986,-1.6889974125427618,-2.7509030392185245
0.8052303527004546,-1.2174211809168476,-0.8492604126375602,0.8695909929344663
-0.8289469615874921,0.633131883224113,-0.3880703880000274,0.34241311431433097
-0.5606054661428116,0.8373579227512263,-3.1892076170877615,-31.736406614170946
1.4744085968803997,-0.8588128740930596,-2.505819204542977,-14.996804703090731
1.0829709687224507,-1.1271588615040125,-0.7086516520636115,0.9146113356727799
0.2359931969214323,0.49282721951000685,-0.11189891568992437,0.24147754086249346
-0.6476570527428023,-0.3870484290658467,0.4551352589459139,0.24408689236729886
-0.5966189071036855,-0.16814708579923893,-0.10026795978321394,0.027265382109306405
-1.0327385051516191,-1.4795974967207208,0.10467222699030636,2.1903555700167843
1.1968033838161556,-0.5999404508715674,-0.3368766996898668,0.3216977855024196
0.6341997107379409,0.042093053846212716,-0.18055497404234014,-0.00411428478368653
0.46122511143295003,1.1039097196872936,-0.7860199364355313,0.7329920623324806
1.1107201443001296,0.7887628203292745,-0.6636197029064709,0.32989456909608633
1.5242636962900233,1.5572063815400172,0.8328314080171028,3.0025503703666185
2.01436913592071,0.5081465276374808,1.2593987399462165,2.255726578470111
-0.5827129252263493,0.847263712234022,-0.157985216554703,0.7139125931267711
-1.5101539399195998,-0.163869071491418,1.677583805713998,4.7480560817212245
-1.0800025314074062,0.34281480366750194,0.2550395122197441,0.13411107365424604
-0.994512346133176,-0.509090203960073,-0.7895475502792157,-0.23301952769152273
-2.3646029911629474,1.6330942225110696,0.053192671529608944,2.667147246151616
-1.0852657913230839,1.061655769274161,-1.0114415351237438,0.09239414308712912
0.4787533922166102,2.1567496369738564,0.747364716709925,5.069012563349103
0.49396104448155853,-0.0813523483944669,0.26702348284128413,0.025657390235831093
-0.7397056941390057,0.26623055878025553,-0.7043002445176776,-0.2784815619492179
1.8877921969174238,-1.3572957464597597,0.18603395812906884,1.8486901244475555
-2.3402708305224524,1.0391039124201016,0.5008197387677563,1.2053527533908917
-0.07548017127480772,-0.21268237787979602,0.692813146144496,0.3777772143092859
2.0355644334299354,-0.7578054111619756,-0.6305924869999383,0.32351590324036
0.4277975528388148,1.32650350974445,-0.28543101979107494,1.7363572486964385
-1.183701905913676,-0.5460347106545147,-0.6710152138888874,-0.0039783559760174225
-1.1967632133486619,-1.0677787345836791,-1.7484992624113638,-4.205447368115177
-0.503948015882722,-0.17248980929929275,0.2523951821525567,0.045831147379783305
-0.7977140672863504,0.0773974811262292,-0.4860990377041411,-0.10887107714573299
-0.37502693542838067,0.41933347865665616,0.2144726226389232,0.1857059865119054
1.4822420463547779,1.2652415415259668,2.0220550341322303,9.868425843282838
-0.797888088098796,0.49787410449713204,-0.8259783523696111,-0.3156370442563952
1.103274191809375,-0.2927552435614622,1.9324346009399025,7.30200290114768
-0.9365302505198176,0.1563820217781785,1.0513872624726375,1.186674772199541
1.1767922137298996,0.8612049052895998,0.07231145310798759,0.7420520015964722
-0.6899026777424493,1.5723276198877374,-0.9824770305123878,1.5238672698516105
-1.2290716279802179,2.086291021193518,-0.4084589392558382,4.284463464617883
-0.633364561241026,-0.22871610025093236,-0.43371274297025736,-0.02927323714363405
-1.0615436708124675,-1.5290468259254264,-0.6617203435285759,2.0482341858859052
0.38971859898746264,0.4676888962242383,-1.552745984574041,-3.5249688638773184
0.7818254392132771,-0.36471070630048863,0.2867189925886255,0.15658443135861622
0.017839886714328606,1.281792157064727,-0.12411776265800126,1.6410790725962123
-0.572101271754248,-0.2608743630791943,0.1533142377725152,0.07165912364318361
-1.2345662539919544,0.727302543352749,0.5421586874503665,0.6883289684973373
0.17490022406540626,0.06673637374029469,0.75546633475851,0.4356205786588385
0.8084157772960282,-1.036603408716682,0.689096563364432,1.4017669372084316
-0.9429823875483228,0.1789550014484229,1.8499997479897266,6.363647305028275
-0.43542811401008097,-0.4729385088942373,-0.06771314967764629,0.22336036362062528
-1.009669453278315,-0.6901427529220218,-0.4875393904550452,0.3604115111030035
0.13326321747309663,-0.34222774810191947,-0.6404964907176295,-0.1456347296311215
0.42035852858163847,-0.6712870141905705,0.1091245240826444,0.45192572790524255
0.21282370046922003,-0.3149524950868574,0.551535522274594,0.26696745466341143
0.18366131327485666,1.936565916577989,-0.8859613620070336,3.0548720812932704
-0.0948199050853156,-0.5124851495816053,-0.8175582145460535,-0.28381605457978143
1.918182281092796,1.0927407177183572,1.3909039837466874,3.8849444455574598
0.14144160527294677,1.0631350577114251,1.5984670634759532,5.214494474321214
1.6333089762097661,-0.4068555423798799,-0.33962234047171397,0.12635825926424651
0.7392280207161784,0.3864011471768068,-0.27869876057542303,0.12765847794730903
1.3278822179339054,0.9020471332480122,0.36433832145866635,0.8620521783515033
-1.0917044289818267,0.30664671852874137,1.1429379351671625,1.5870601765764758
0.18716046721036253,-1.7258818807262062,-0.2529215481326589,2.9624890494248257
0.022892660246190584,-1.0475134655991707,1.9292317365354077,8.277759763844823
-2.4985092078516833,-0.4787968908824704,-0.40372547535202574,0.16344152784333657
1.83716846328449,0.9870275331683169,0.8876955754219866,1.673730513565184
-0.8587512786293793,1.2746621794879534,-0.8387581243638886,1.034684589595948
-0.4443326812361152,-1.0149418839716238,-0.7567589217432082,0.5967232518281824
-1.1395641269560002,-0.550957752821924,-1.9496268877832872,-7.1070650913357705
0.95671572710469,0.802812668748893,-0.8167628646369227,0.09964438602862469
0.8148050239595568,-0.6811748655580745,0.2718513793334884,0.48408987683449617
-1.1117768130992647,0.3286815370318048,0.3604099701115577,0.154847130755401
0.20623344049574777,-0.7792317721518459,-0.03630945204276309,0.6071542852095896
-0.0386329255524928,-1.1039535967747969,-0.03385451703022573,1.2186747422111692
0.09763927685760242,1.5573967881579027,0.4495035550847077,2.5163084980738564
0.42380030355473736,0.15545214191140136,1.2534715518857817,1.9936085034993094
0.7268129473466923,-0.7506203566880081,0.988347277082494,1.5288785267000233
-0.5375209183801016,-0.16704642573111722,-0.05502352923132011,0.027737919730406325
0.5898962685586869,-1.2357847949164902,1.1145437569188448,2.9116589921257843
0.29259776250905134,1.5204931710235878,-0.36696558455344125,2.262482524971601
-0.6728256111361708,1.082033881003313,-2.271229870154073,-10.545308176645815
0.514468691462253,-0.48891077971490254,-0.6088089906409266,0.01337968009739135
-0.16793029341704002,-0.5530267685552667,-0.26298702600534024,0.28764985180058444
0.01219071503302286,1.157117589190747,-0.33803296716047104,1.3002953432116786
0.033030072612420816,-1.5357455954444315,0.03996144646616711,2.358578349048317
-1.4089718641871902,-0.36038755192203625,0.1691577950204816,0.1347195295589564
1.122644918921818,-0.32693554463754576,-0.1578727538545135,0.10295206039302711
0.6294306051876126,0.3956136031819792,0.17928783806827348,0.1622731743959674
0.6689114102594166,-0.8164429633673477,1.8899685533585184,7.417511126394929
-0.8977848597770457,0.756786566322391,0.07583825662452207,0.5731620862372828
0.23547106551433783,-0.8791994173363508,0.6251551094439081,1.017314054438402
-1.8746298537550037,-1.2869005487850773,-1.401779571904959,-1.0983641668534025
-0.6820776115973337,-0.8082088977362795,-0.27030051331019195,0.6334528269423318
-0.7151439603001275,0.6468249535639461,0.48575548294533255,0.5330006018594132
1.3584082294510056,1.036577232339045,-0.04831517279554735,1.0743795737939241
-1.1030985026450886,-1.1994024285689249,-1.288646517439507,-0.7013729103879616
-0.24280873968363526,-1.2463965350228625,1.9348998992529391,8.79745535652403
1.7470411482092723,-1.2239008992144744,1.3097585154871714,3.7447814055435673
0.11328073982298288,0.493680452233389,1.1321094124122055,1.6947130086451414
0.926393644951016,1.1535934059585875,0.21727186471778898,1.3410345129200025
0.26874325527639514,1.8972237719230645,-0.39957980789462955,3.5356595211610613
-0.6013378727835086,-0.5734810500674272,-0.10226644738437894,0.3278109686875337
0.27268578314310227,-0.6176651593511844,-0.32798824249289654,0.3462264916992311
-1.1724917378421753,0.18149963285174123,-0.09325884373536035,0.032131024796550785
-0.11096224589035125,-0.320676294151434,0.9822691644130925,1.0505783521968428
0.2303419176756387,-0.7170552367016327,-0.2288864209584248,0.502177083215821
1.853291621093528,-1.0829338948557783,-0.9213787930968577,0.3905515396204673
0.7226428496448499,-0.7334476556958639,1.274389075453571,2.607639363370543
-0.1444938151238678,0.4776715250317323,0.7289781528695676,0.6155557444874468
1.7758449623612396,-0.32599741101240365,0.9593528944380186,0.9892224002454034
-0.034199853532252765,0.9621693450636847,0.834352170514055,1.5065987258744051
-0.6892123378356964,-0.7486675172609202,2.274297317851998,12.324142838104935
-0.07481344154474232,-1.6672162291454327,1.633632201696151,7.1393727059326615
-0.034687215601812774,-0.3730364775082807,1.8664010100364594,6.64067590773286
-0.6319630652168677,1.3246102490450724,-0.13682997827528787,1.7520305204124809
-0.8503329226671468,0.6405088383328877,-0.6467007664012132,0.1397871608434133
-1.392976431745073,-0.5807654905393348,-0.20768660545951567,0.328330257849503
0.3291009560546788,0.2009169727989612,0.3196500142963998,0.07302823189807581
-1.7950182572570528,-0.5127729377753382,1.2755325858979525,2.338206400669495
1.1303537190475559,-1.3012179823077739,-0.15479382278161968,1.6894592029461872
-0.04220315003427804,-0.021769569588656397,-1.532736427125687,-3.6003545831793153
1.066412621383156,-0.3918737987833661,-0.8320400927291076,-0.4224485572872373
1.7804529470160277,0.17967435460080475,0.3801985758907421,0.08724094173783371
0.23015331974101289,-0.0363488342070461,1.033603338085587,1.1055567493592733
-0.5073381674345918,1.1601694176745476,-0.9903145707005065,0.37476885154993633
1.118207962566627,0.8978182295124383,0.8299946006440768,1.3778534144685537
-0.022053941800060452,-2.016687665054569,0.1357584961673443,4.06953121760073
2.326491932685492,0.1654396180873794,0.34394569555574067,0.06805857576392998
-0.1487645794880571,-0.5123415116275981,-0.39412858936046424,0.20127093589620862
-1.029968210902407,-0.7480117654062776,0.06530315997768311,0.5598000866884598
0.598157748019337,-1.090614913270046,-1.863386691889652,-5.28062894840688
-0.5656660345409255,0.33063188834326573,-1.664006267460923,-4.498177560449098
2.8436774548707557,-0.32357020533915837,0.46099422651570493,0.202666177869357
-0.2925840425363809,-0.20025620901374655,0.021504048872421876,0.04011249323938861
0.06115202833127279,-0.273106384317504,-0.3067363911889654,0.04572712477386544
-0.3812836926933085,1.2291494864166754,-0.577783775209509,1.3179245386272258
-0.6271504288939008,0.06857468355298645,0.16539016601265202,0.009226554446481496
-2.1711268506549803,2.3058357954014417,-0.5686220519732986,5.133025557065885
-0.30846173586186715,-0.5476055943626189,-0.15502055719332308,0.2961465301210115
1.520605161266424,1.2014752450182138,-0.8720355638928247,0.7804067864375952
-0.8256526847733144,-0.45418135830651374,-1.5108319470779636,-3.242364197315876
-0.12852822667255134,2.6105914018611527,1.6748224668583551,11.513115226582233
-0.22003695874770843,0.2619169996784926,0.4462911200473008,0.15749088944792286
-1.6920146567620264,3.2573516858229876,-0.4092732020965813,10.541784879971186
-0.04435877095432143,1.4735489055479716,0.894629674161616,2.8873741994509565
0.6292221651101129,0.0006155302750813596,-0.408284724033703,-0.06805922127715845
0.0049324170868360155,-0.21567951515567238,-0.3577455527209339,0.0007327046830516368
0.43873099108462255,-1.3845142745038879,-0.5984420882597553,1.7025579560054989
-0.8202929520732974,0.9590589777074404,-2.2179257787607396,-9.990614746430301
-1.0144243502876202,0.5644257078178909,-0.7156599960993962,-0.04796264951046114
0.48542499782809917,0.6804598932798941,1.2100234599813617,2.2346897116364786
0.28379382785742474,-0.7467680718234927,1.0414725443378634,1.6873114335224222
-1.682770751477316,-0.10690082454000012,0.4703334310385671,0.11547190783218297
1.6658808044417988,-1.1790988696973883,-1.657798765677199,-3.1658488111667467
0.2423461345744514,-0.0471038478688422,2.085098229903257,9.067464040313768
0.9165593345939762,-0.7942765621451637,0.65476645265016,0.9115861463847826
-0.10924736019085149,0.9688341610589051,-0.48560963358212494,0.8241247624748071
-2.1069919210174963,0.8453852526777783,0.08315956199455991,0.7152513164564226
1.558284803970543,0.8575701565527121,2.098585890661537,9.977730502177067
-1.0374244012461378,0.1428208367819905,-0.8576466276845948,-0.6104508220256825
0.4516552974880711,1.7820960068178264,-0.4813914767236356,3.0643095979717176
-0.993459742099523,0.5824211770777712,0.9550340564451648,1.210291486819846
-0.7183387497554489,-0.04937905015649839,-0.2962154186090716,-0.023552708973993093
0.05594624399162298,0.26800684344313175,-1.4424129895968396,-2.9291922248825375
0.6294729174985622,-2.1684885535937495,0.9062011850387051,5.446515552854738
-1.2493620362529965,2.2760823444993754,-0.474047926121694,5.074022108127499
0.566530312148816,1.2774072420635445,-1.9548362362070395,-5.8384120422778185
1.0810361363506702,1.6260046625419982,0.8173636368212164,3.1899581704908617
-0.6504503994381091,0.720025837584897,-1.708457118343685,-4.468251380665592
0.9879141033830766,0.12622388586776342,0.8529934132724996,0.6365685687879504
-0.7046532636600421,0.4288744053123644,-0.21822504464621456,0.17354090533344604
-0.46990964693276754,-1.5126529190301206,1.2967062402780585,4.468461766453698
-0.4013725328981444,-0.8105144526992701,-1.450900809245232,-2.3973767068501104
-0.2646537656205251,-0.1883543016179363,0.5279212196885736,0.18260941669730807
0.7089801211550154,0.20256934886718822,1.2404826926611983,1.9498857726515189
0.38325501232639797,1.3783885625501224,-0.9198010901244013,1.1217719921332006
-0.15136385169886532,-0.5549071838682903,-0.07790041398698039,0.3074492460328683
-0.005452750932211208,0.3748233065324478,-0.35144335212259276,0.09708488877936172
-2.1116549406904808,-0.30073450488948544,0.4179904920428054,0.16347089073954765
0.36632820083544726,1.3032158598321375,-0.3532865590145001,1.654277389836856
-0.21002683479536946,0.17605247505348706,2.0067661847887015,8.112463688740888
-1.8426214639760785,0.6482204625718616,-0.9137497708847155,-0.34273522637073817
-1.371353770560019,0.35627717134470405,0.6548679615136233,0.40777488864235634
-0.6862306259124559,-0.8239865425933383,-1.596914933395883,-3.393398521395486
-0.2523663934022788,1.0426669414249063,0.5959031750139056,1.2987599221493191
-0.3623693367973006,0.9411148268355147,0.4769211851677772,0.9941746611983228
1.2278878095312364,0.4968464099597967,-0.7813234284306164,-0.23011526722253609
0.17868187615509573,1.2060049086894242,-0.8049225917552664,0.9329381877460631
-0.5328639421849919,-0.20348555223993015,0.7267156243051038,0.42519622691890635
-0.8681373896668697,0.3474055157174543,-0.553033952752908,-0.04845293573384854
0.9563502434253651,0.4108226625108275,-1.9143123816928966,-6.8463983778483835
0.6977782335222441,1.515348889228761,0.3405121479399795,2.3357641366681814
0.9218011722689043,-0.5815788873780112,0.6850830304306599,0.6597700212731747
-0.01302125990300041,-0.27924931425734456,-0.49032025028926113,-0.03989964756656679
0.7016744641168418,-0.1467550863552656,0.529079503389736,0.1696396993269974
-1.2468295729002639,-1.1029584559691974,-0.40986482867478,1.147664500022051
-0.9652604641639544,-0.5681288734737501,0.4007704897068228,0.38714096477649784
-0.6931801266045693,0.08203000457711317,-0.5014464708045578,-0.11935907289559858
0.24708414051064306,-1.9790847113806231,-0.5849899862110673,3.716584950551294
-0.9604798486343681,0.7344089810668548,0.9040455750657499,1.2782315551236052
-0.06598940085556562,0.3953979507844743,-0.07339991981117266,0.15594409387662653
0.07733414379166204,-1.4678698407517712,1.372477410314496,4.739969664230993
-0.6964164083010096,-0.20774687721168986,1.7008104975847433,4.963189129805663
0.9853371100419505,-1.791434470622478,0.36588620107190534,3.258219640604644
0.182040202571297,-0.09151610931414139,-1.9779402191420326,-7.729816499991514
0.2750651227821471,0.6670304313101,-0.7577307257126665,0.009874065363493612
0.11719824861259227,-0.8996501940756482,1.113413792290752,2.1896587196750064
0.4260677199348934,0.6413500463704549,-0.8842789366593782,-0.28013135856120147
1.4590738381830621,0.37824932622804225,-0.9137252089210283,-0.6197909201314524
0.45376806104648343,1.1718367229495985,0.1932579451327882,1.3804192253893357
-0.29086167852289635,-0.34607238673422674,1.7652188324228222,5.620183612138559
-0.39299060557136206,-0.3674736656596027,-1.4802282526367634,-3.1082552301060278
1.1673216887112214,-0.5649723833177033,0.39395819832410534,0.38033731260213854
1.325509627985422,0.25855883377000916,0.7006410895368596,0.4107959354943438
-1.3412344122002633,0.21353519928908532,-0.4266869181480464,-0.03208607549486285
-0.03270136254335792,0.09938383894102508,-1.5696619058433567,-3.85751628604764
-2.0097607276583274,0.3008382169779742,-0.03653802091769892,0.09045485355103679
0.30255518719964253,-0.5728209154158882,0.2718160905232855,0.34820665765481973
-1.2351337199758197,1.193485518200094,-0.37308128431180015,1.3724786307443717
0.9159106157430621,0.6266578196984512,0.41239896175340174,0.46283791187904194
-0.1658927637533514,1.28567527227632,0.484096988663704,1.7664089839315908
-0.32092475438025303,-0.0943278525573857,-1.225311984267873,-1.8307727531413336
-1.482299984701316,-0.2909384543072831,0.37948738558522505,0.13929541905736262
-0.35347764886202093,-0.8584843198091033,-0.991644072047062,-0.2381457699552606
-0.578521569999224,1.2929056312343041,-2.033436096404807,-6.736373401474775
-1.199756316533149,-0.13308233793152885,1.8004098127377526,5.853695195460095
1.6305204579202985,-0.3778573010884515,-2.116372951257793,-9.33653125756685
0.2758404127434594,0.28331161369593805,0.2854220249676348,0.10351758474398731
0.5006092199665652,-0.905389435315112,-0.22688832927024583,0.8080502009324008
-0.6202202982112518,-0.7228300294946018,1.234027086754465,2.4016878978089617
-0.3429430411430139,1.7629001073596817,-0.09147321214585691,3.107051400280654
-1.1414557920923858,0.21441354854684075,1.1093400821658663,1.4111663654096056
-0.4403383079249237,-1.847326941081064,0.07040768544286843,3.4129658551912496
-1.0183520399025736,-1.9481091444030698,-1.0446256996530634,2.6551889103525403
0.7919020070371607,0.4637697968524102,1.153058086711822,1.7481226761360464
0.5667547297374697,0.04651953218550953,-2.059656150332626,-8.73527518241661
-0.002837889299656729,1.5564437218549758,0.49849121755389664,2.546388883669267
0.33014050361182573,0.39440570624357746,-0.050449577964884605,0.15542745887383766
0.8173702052434482,-0.48501283220901276,1.8074504039653296,6.139955533515235
-0.9493919298379849,-0.9087437906346493,-0.7220430327349115,0.44938092817736064
-0.46045123742766475,-0.11008801576961187,1.0839957025917228,1.2858649261900057
0.1867689946187122,-0.9205428273052852,-0.16771977883255162,0.8426811522358555
-0.8033985559383978,-1.459501016813816,1.1258646629005251,3.5572568839689716
1.2220036071085598,-0.43774928423006076,0.7342400956331664,0.5874595256828983
-0.08896141449976584,1.1789677728534205,0.48613658064083703,1.5048530720305595
0.06393377381941083,1.0571598432753415,1.6953244985713325,5.990161722238878
-1.1467882715733633,2.043194366854556,-0.5385552443580044,4.018439714540911
-1.7653560525916285,0.8601618828366516,-0.044307399133252275,0.7397914828086422
0.4171915500582117,1.2502798232118264,-0.8438442239309323,0.9623208855982051
-0.22535658544764986,2.089722470221456,-0.7544485583733068,3.937513445496898
-1.4650586614097187,-2.1266055491015354,1.3272273892499606,6.860405399295905
-0.37017120701206013,-0.15953158469063927,-0.450937584845439,-0.06624544384210816
-0.5513703793225794,0.24334592980291941,0.8628150721341418,0.7015397914595801
0.15624767859349825,-0.7743544092326918,-0.30000458800024093,0.5726235123191012
1.5508382514955967,0.5143433385153583,-0.5325593287289058,0.11350489203122108
0.708585482649988,1.88804155221931,-1.3597121632162348,1.0508417136482473
-1.205789832492085,-2.4355760726198517,0.5903290138590302,6.137753586329653
0.33723730564968235,-0.6111173733228851,-1.3693848373816646,-2.1944263149620267
-0.42367781360407075,0.6898394353643044,1.482682477028787,3.7353295077701256
-0.00866940311786858,0.17883294686422255,-0.5433856286398288,-0.12846313307736995
0.16445352270239613,-1.897698855938918,1.44589508299355,6.624067413639223
-1.6995875429786966,-1.4705375031948535,-1.3213223121546196,-0.14440636820150843
1.2876845463864084,0.785872258174681,0.007936764430506522,0.6175957061230599
-1.1782148341823233,1.4449397530825514,0.03716439971504858,2.087902221232364
-1.9410357142977568,-1.584287320805904,0.5276498550688042,2.656871616610659
-1.891609962415143,-0.8123695829590756,0.3930393550049267,0.7206610331666856
1.1673806731379712,0.05815312052298624,-0.052716649857640414,0.0032352834752788417
-0.1988053469612726,-0.6220192963037176,0.23011600894028797,0.39909342488062816
1.1081678996631943,0.6565333174270127,-0.0015104704273765353,0.43103599344554877
-0.5804848747665348,0.535167055262892,1.0805719382600563,1.5481181634327623
-0.48873831057214046,0.6555940174530277,0.05008638528064703,0.4299291647298128
1.712083624217906,-0.26180373393096834,-0.11736546766372323,0.06692452650895563
0.006754418889340528,-1.359330730189209,0.13779032363480806,1.8503961449985835
-1.6921506600096676,-0.45833663593166024,1.1922345672241617,1.9047424209811261
0.6815280880072494,-1.071407821685358,0.4666480877232785,1.2495322122384214
0.43990940365214815,-0.8820418833201593,0.8698994369329951,1.4362725617684569
2.344144129479999,-0.5385813436130331,-1.600310447621855,-3.808314836690831
-1.5769954133430961,1.725026430227675,-2.0553052079053584,-5.706467466169224
-0.37794844755532786,0.3531880944436402,0.3965169793453929,0.1870844956079435
0.1847201208731153,0.6196854457732699,-0.18763015575739064,0.37740451793193086
0.2553867326490416,-0.09126076124832433,-0.2219832907580667,-0.0026100511474797337
-0.12513589657665813,2.010602969353678,2.072626413827424,12.946071917206321
-1.081683946380666,2.1407423798491894,1.0235873698290485,5.655222261579666
0.7693706138353477,-0.08672812794609124,-1.6434795079552946,-4.431557294058972
0.6858983843051621,0.3047726048311445,-0.05437743382438193,0.09272555173277816
0.1465719417355599,-0.858862660427736,-1.016118886025626,-0.31149523204456564
-0.03548707624215952,1.0578835544447873,-0.058166417873389754,1.118920818452036
1.324497774567287,-1.6640040068706778,0.9378961057859475,3.5939288051522804
1.1219648652990657,0.24274288143047817,-0.19233706374540369,0.05180887645265119
-0.8267417347783456,0.12381887054176036,0.6811239827084884,0.3313248801431645
-0.8692892817972377,-0.38953843686320583,-0.29309558656226864,0.12656181072936465
-0.04959554161316207,-0.10340504706789401,0.0528232709529099,0.010839996423985558
-0.868009151601097,0.1839015921877636,-1.0765846585741987,-1.2139789950000541
-1.4845791650683506,-0.5256449976665201,0.6475105217074163,0.547784319536669
-1.4316504177456348,1.4372478252659682,-1.6502948365973804,-2.4288521969996437
1.5193137609621055,0.625002558644586,-0.9850877866468027,-0.5652989678592738
-0.4143277258145847,1.864669113308019,1.4167387196218746,6.3205960393204865
1.7197464076654665,0.6150759776056365,-0.8137243188060472,-0.16048687557464858
-1.37553550514116,-0.8890901953297821,-0.10669602091316302,0.7892667435678797
-0.28077611097844263,-0.35308503071803193,1.0482819881037757,1.2766210069289263
-0.24674945349041244,1.2810391018295704,0.1983890566676201,1.648869420118858
0.949740857027761,0.8041528616063418,1.0095788765061326,1.675674597882043
-0.830082205043535,-0.2634003753696738,0.4977619783282014,0.19270874339287036
-0.5382555834334549,-0.12342178875444533,-1.1475496487387173,-1.4959409932825605
-0.8886649983665593,-0.012510319190762837,-0.6002975158822909,-0.21616496842121455
1.1148989451110742,0.465301311704865,-0.5228387389946372,0.0735819315610487
-0.979873369103621,0.6949065763297233,-0.45612825861109596,0.38799630257254597
0.7720659871713363,-0.8944428901614638,-1.9097623562403656,-6.165242395226828
-1.6363500929355141,1.5641012211485599,0.2479320996448851,2.461653096997961
0.9473846972331571,-0.11119165148649068,-0.2864314162867067,-0.011136096790735055
-0.5947101039004702,-2.1175942873569285,-0.07898283106872037,4.483712848230742
0.972252169630134,-1.7502354782969962,1.3073211911092235,5.29765210020105
-1.8291087318686452,-0.012249301217343488,-0.15675439755326495,-0.003701714451727821
-0.1210180170179318,0.08398329899049577,0.5019417487282615,0.133515168958855
-1.6391891682846997,2.723516034427716,1.383370534328794,10.064915197279976
0.09074777401882991,-0.7477169097921,0.6334222743855169,0.8132246549895528
-0.5123824268835522,-0.0653032703165843,-1.0860997805237511,-1.2769126135758686
0.2540266213505782,0.37671757788180976,1.4500602658500488,3.19092127613362
-0.5039143430504289,0.7713316192424851,0.5543210783490454,0.7652797344618122
0.03431105044646234,0.2508180093891806,-1.089121090582044,-1.2289891546640588
0.7756482664509865,-0.3761266094565382,0.01895502832061839,0.14147803675213125
0.3306521170614767,-0.16145925473621603,-0.4584463492596309,-0.07028397890604947
1.4638664237509673,1.753898408423611,-2.161046469379756,-7.016190692925777
-0.3102281324076157,-1.18785714544704,0.08592182922940754,1.4116389211126072
-0.481167054586554,-0.925974600268897,0.31260989464214195,0.887978745487441
-0.6234561044000508,0.16719188327191764,0.3536535486201924,0.07218486955741976
-1.8599409059204293,-0.9563488728436054,-0.490416275886107,0.7966540682664853
0.1843069826981075,0.052643873901348434,0.843592070189014,0.6031116334637855
-0.6325672332845703,-0.9605099720394066,-2.4058785771191578,-13.003251424598236
-0.3397409648183299,-1.117372390809569,-0.45691488027292265,1.1531303883203505
-0.392103927471113,-0.32383577936579205,-0.7274424777156671,-0.2800729850133521
0.6898478854387209,-0.3934618888674581,-0.08436767752900103,0.15421173687644404
-0.6919967746223844,1.2113225547739637,1.5140561690122396,4.938073341189657
-1.1750078065896779,-1.235598893472128,-0.8704317655165164,0.8672207289506892
0.07372716684273196,-1.4954517711453799,0.8858037957010494,2.9314204993674284
-1.9545285740650555,-1.017544408219603,0.2638744505481099,1.053770128297237
-0.49531433636138555,-1.7540183567864185,0.6413143147120858,3.3403427447847878
0.9145799954649269,0.5892998359795172,-0.6763209302646682,0.03791833949018608
-0.4466573866200419,0.5276533383047056,0.7715621212834252,0.7377352312777612
1.6710885683328411,-0.5052443693546703,-0.13061799838032748,0.25304339106110946
0.5751789246329041,0.14305502333523437,1.0610266284290721,1.214944651503854
1.2931323529871137,0.05008280662422798,0.5927037360592488,0.2107237578848142
0.9214317204747448,-0.6172227892087703,-0.41778481597762956,0.30804207490257096
0.3156038098391612,0.6751020096126875,0.7871210217490989,0.9434310323238434
-0.4028801945747592,-0.09153381523970679,-0.6174314164897549,-0.2269997247926307
-0.4902649684547445,0.11301410221058397,0.5882002904834295,0.21627747777032172
0.8933633043754985,0.1943092605076306,0.6408839049273841,0.30098773185718375
0.6413079440434618,1.834870864622524,-2.625893763267055,-14.739621589060114
-1.1411535490210618,0.8063210702886835,0.7489678118922712,1.0702892470376417
0.9839256029201123,-1.6411514975992416,-0.21414238298796312,2.683558319340185
-2.0820558025083518,0.9641184433610237,0.7796492154883388,1.4034364088315057
0.5827017678736938,-0.49100149564450296,-0.4722190928720607,0.1357819215850063
0.6532261192105747,-0.09392452697386874,-0.6895609990471666,-0.31906055702139974
0.47681190872455265,0.5407316667476725,0.44068601891708853,0.3779737967545966
-1.5608365236579544,0.4757371442564812,1.3334515964518776,2.5973269933742333
-0.6713566637271817,-0.39368740489176596,0.5088003912928191,0.28670691813329685
1.4089063386496832,0.19146324736707315,0.8139555671970634,0.5759230009209506
-0.6243581398937268,-0.43219204057225086,-0.4703603551788718,0.08272796941341808
-0.16050159105969014,-0.8525534163973718,1.984999101511866,8.548183332079414
0.2110925658396864,-1.1700020506422522,0.02862745412124255,1.3689282595968848
0.346263470300195,-0.9619776795218844,0.45618792280994896,1.0203371479680705
-0.84671500008036,-1.4158427099715327,-1.3447216975840588,-0.4270179900346842
0.3860580559504752,0.7951934336024021,1.6064253898976044,4.777878027583898
1.3114676064046957,-0.9179733166624767,-1.8933419246472774,-5.944470419487637
-0.2006079332305523,0.5867663806820873,0.7586071338238062,0.7808616476600824
0.5341656011263944,-1.0857797621855405,-1.920643354600653,-5.906087679587759
-1.5421272682239644,-1.4408984132723175,-0.39580544660712896,2.014180583665601
-0.1864209170083512,-0.6614961446377277,1.2434886023321345,2.360338690353728
-1.0111684981919924,-0.17365738483615573,1.1065549096522898,1.3850932815635162
0.7712351828299164,0.40546021864093296,-0.45018964863068933,0.07315772879547415
-1.2732369772069787,0.4207856701938345,1.9112538870231965,7.158663506853028
-0.34163003139265147,-1.4171323932742412,-0.3416192857062513,1.9683959730104217
-0.4511347044579496,1.463835265487788,0.10778849475917304,2.1440660099788214
-0.7964283295419032,-1.6558659393982633,-0.6520787556692925,2.464623751076685
-0.9492333024959266,-0.9267594928974284,-1.083420674337294,-0.41283641727278186
-0.4107318080136501,1.0341866167356324,-1.0304832885250184,-0.02472392599085982
0.567561463038174,0.21375999256913103,0.03201057464207687,0.045726134919191606
0.03804242114728764,-0.1509046696090016,0.9549112792428992,0.8935133702151019
-0.2081807742233833,0.6410375668172746,0.4167834669642805,0.48332797557679563
-1.2119914592634882,-0.05512893086953752,0.4963620711484319,0.12533055602337062
0.4607807238335226,0.08861228756623547,-1.1857595361672357,-1.6593562178161594
-0.08673200641691073,-0.5367274886949802,1.1723666925579692,1.8994283670351906
0.5464274630709427,-0.588507227598269,1.585856993705867,4.334679757856673
2.1927212321535783,-0.43667683320898876,-0.8466885157374839,-0.4162886280025207
0.4159539289204704,-1.9762797330790607,1.0102706907670689,4.936811200372017
-0.06713207716708215,-2.218082916221352,0.1669327932732462,4.924543665510395
0.39861444103427,0.16700370355892039,0.7018627752656887,0.3736358099632111
-0.971928836475737,-0.5288865580477231,-0.5831051326832429,0.08145848462319227
-0.4260272734403913,1.8825661784207721,-0.9553842595128867,2.6720197551976863
-0.23324913312639525,-0.9404419670838546,-0.6157554651598394,0.6509644575987081
0.38398396990199096,-0.7163004973195037,-1.3236716440860643,-1.806127449646199
-0.9882359821678797,1.2408095724928987,-0.1844477841458349,1.5333332998782263
-0.5132117201603811,0.6203828865407612,-1.5253027410997917,-3.1638158052344028
1.1183162899958123,-2.679436332872069,0.08883552199046238,7.180080129642685
-0.7452381148865612,0.6976197635153157,0.4076112837591164,0.5543967095542492
-0.8104785777357529,-0.49995416077398125,-0.44469188766974965,0.1620159530012267
-0.5251199683508148,-1.2601915381176774,1.2823016681968746,3.6965682275358853
1.3293279739922168,0.9821237792499065,1.665570580035773,5.585068697852968
-0.7089497287773079,-0.12320698764366586,0.5308123195001919,0.16474255316518063
2.410738839758804,0.12419004604256546,-0.3508935388048926,-0.027781047020330886
0.5873010837221401,-1.3110997053977753,0.7280180767317141,2.104839531343543
0.17089526511623293,0.6380274635926958,-0.768911304108489,-0.047520228976553336
0.9926668778507917,-0.5115493345395895,-1.8629236620490892,-6.203565103720826
1.3000042365468365,-0.24788524462841346,-0.6785637901989073,-0.25099680020209714
-0.2515861751320945,0.9565785500587544,0.16948254035254284,0.9199107951024053
-0.8312020461067409,-1.7067250134053238,-0.46178399305253487,2.8144373948847896
1.8044499966141385,-0.5987554872890898,-2.5480637703124067,-16.185124538289916
0.4597858165592689,-0.8381279346185426,0.458871147942466,0.799079596606933
2.142263715936575,1.0021791830645523,0.12449260591828791,1.0062925522830082
-0.9161245621367334,-0.10088344795348175,1.0497668419700814,1.1670314711167529
-0.41154739400324225,0.5989486182862955,-0.7575055875888289,-0.07592840567906506
0.7997113925932159,-0.15407749286521918,-1.0649917385927337,-1.1841816405264591
-0.062249323328885185,1.5449799980509011,-0.07191063828644235,2.3865913344065737
2.285136631740743,1.5510599995293246,0.757619898992254,2.8406517855589377
-0.20625190597769336,-0.7653520735664142,0.26893512387512064,0.6052148254049113
1.3240477829133603,-0.6810446413292908,2.227517047398053,11.516387607401876
-0.03707532423101054,-1.187879976020373,0.4763763993825801,1.5191650649970467
0.7974597210202424,0.5778946510027853,0.5657717750161914,0.5150644723601246
-0.20535894516431166,-0.034603708837975214,1.9426501195717323,7.332544279976395
-0.10921969648429293,-1.2043131909458888,0.4258123632821833,1.5275769281918885
-0.8738026920162394,0.32064304587736575,2.332210671454886,12.788187677064792
-0.27945807303696757,-0.22245897086348207,0.15475323011002198,0.053194111079143305
-0.4100681249619824,0.6195812554158365,-0.5239721159364624,0.2400260757243124
0.22818527963162902,1.6667681116032254,-0.5939613585381416,2.568572253493133
-1.6511744240121222,-1.015806040521749,-1.0837419557971983,-0.24098935939635058
-0.002977434724127311,0.6046651287394469,-0.6844464302638076,0.04497940962844654
-0.4440844117661198,-2.1822945164057472,-0.691028121467295,4.432429701296233
2.494281627389167,0.04644777857473476,0.023431621835751353,0.0021702610533121842
1.3488934343011203,1.0693981212908241,-2.1844152092553233,-9.279695756880967
-0.15143284733465703,0.37424739744676333,-0.49969479874347733,0.015289875744785977
0.7673080106377815,-0.5078575972240486,-0.38714510854845485,0.19989351332196198
0.44736295559488476,0.19680397290176077,0.5861902530521577,0.24015791980106116
0.4009552479285229,1.779689948616111,-0.5036334810693228,3.039551351156314
-0.15805773436624,0.4059471349601943,0.1982197938048896,0.17258134747772308
-0.9198152947326507,-0.6313940333086097,1.6727049123013786,5.078789290758582
0.1712847963580025,-0.19076702539634327,-0.22499251065481723,0.025002570385008187
-0.2846801529551137,0.5710104785296063,1.7426942110337522,5.618585856920194
0.3921257286243704,2.186910716027698,1.062399486303263,5.9817009910827155
0.5719516914304537,-1.050876904807869,1.0822427233954306,2.3719183146229863
-0.11936015157920121,-1.2445913269269133,-0.2909309304173123,1.524382942541279
0.0911033894783986,0.39037196437758737,0.148015177993402,0.1556330600506072
-1.4169319724030087,0.4601966602988273,-1.2000498512523305,-1.5164344002065282
-0.198794548643795,0.5421195144124268,0.7671739887827607,0.745418367629191
-0.004600271726008514,0.010598300774407496,0.9846804184694166,0.9548540527762424
0.1496762778336315,0.25686643547120136,-1.0543538938853545,-1.1061049335229378
0.3712146399771344,-0.8664617562793085,0.5525183364642878,0.9194268457379048
0.9126799218614815,-0.2079240257621392,0.2639394411994108,0.061619485274970756
1.1477407651308973,1.2114484806670907,0.29655539462203495,1.4936880157628432
-0.000984371272670836,0.8108358060908982,-0.76845027394153,0.2036726580877002
1.1643348756641523,-0.327244612150262,-0.28682807634202967,0.08349159127658944
-2.4469787793970554,0.14204918436975944,0.7802788366711205,0.49523908542866324
-0.32317683716663337,0.8089852208465181,-0.3403166158471388,0.6150431828900561
0.8378263829409759,0.052696937318486146,0.2532195440799215,0.019013439187864176
1.0041772128895643,-1.4612338431280854,0.1004402655711823,2.1362176105054798
1.1352667210354046,-0.05556219346065051,-0.5075368012818902,-0.1276510767953416
0.888930790208969,2.1857441274967457,0.21767466958291193,4.787791309063134
-0.9835233519503948,-2.0936876217312874,-2.434708786289872,-10.048955622256816
-1.4850565485792775,-1.2429742862439472,-0.7913362738956435,1.0494399363245686
-0.7080167977747398,0.5753598988386727,0.8168802759893908,0.8761378179418178
0.34218514484838053,-0.8624723296110587,1.6391973723612927,5.148329446455206
0.012380771399215429,-0.6979636046713273,-3.5326564307514707,-43.59920310880438
1.2630075672790873,-1.0164438480107005,-0.484027624857769,0.9197587771846656
0.734935855835587,-1.916138295741208,0.3753990882325852,3.724488887998051
-0.6177690203025011,1.620232309180103,0.13606657586724377,2.627671887681503
1.6134585980811254,-0.7663372257499683,-0.15519248347223677,0.5835349780885675
0.526509484504466,0.6252016046193923,0.39947218753719593,0.454624030592671
0.13297435080692682,0.5533774793318699,1.373116468960269,2.8951674845513953
0.891404757704247,0.6896608052532116,0.37281219094743456,0.5274487937084975
1.5105412912543077,0.5598474966751137,-0.44482403667512377,0.22541258861533822
-1.655509582773781,-0.76813465797613,-0.5732694089252924,0.4016328467084257
0.28362864698210966,-1.1258103073054326,-0.11691269211641415,1.2658508178331174
-0.201542005609305,-0.2646563418143394,1.6860482796363683,4.863071565556137
0.8697405803741824,-0.649437994175494,-0.14243927830183134,0.4188797651676173
0.13923958011969007,0.5340100395428958,0.06790861748987682,0.2854798883772173
-1.0368698258819462,0.5754688049704316,0.4462887707499433,0.4200533164595386
-0.39319703985302856,0.07019497429868787,1.487221473135354,3.2944049998349487
-1.3965772280709905,-0.3917683529085661,0.3398928407404843,0.19274929122102924
0.8189890436800203,-0.5850806383155354,-1.2140623370763315,-1.4471446212222632
-0.2765114119271039,-1.5453167533931185,1.515210122149677,5.866716776827442
0.019104409521637788,-0.2651815049984641,1.4281735517385157,2.9833378234185
-0.2537274919041016,0.7260447908307657,-2.41339243948687,-13.529574091609172
-0.6881814037462859,-0.7907331158201353,1.6646602565521713,5.238188526127357
-0.7566912316082808,0.10835540001929889,1.6821075967092531,4.771240732429798
-0.2569872397245181,-1.8452487255231924,0.13712265685439076,3.407521124669685
-0.3721845512981929,-0.7918840929896692,2.0990375412042552,9.875352921830496
-1.293039358323692,-1.0894027072678463,-0.753579206090026,0.7588544783618718
-1.2831787212447183,0.9609698009596734,-1.4436656925590805,-2.0853826803164424
-1.1420339719399284,0.9544155455594667,0.14843109605577023,0.9141792363843592
0.6718923715378347,-0.7417753076875391,-0.44403041068656174,0.46268423673975034
0.1614608569526946,-1.5067662211914228,1.2262671481412473,4.114320515713185
-1.2787484454294966,-0.9488972833450144,1.8393834631244625,7.123650110617541
-0.6016272175950567,-1.3885734579521607,0.4178877841698013,2.001112075522521
0.03750267515741506,0.7381858174235987,-0.23054403759436573,0.5326647578940343
0.881207338856264,-1.0261489406873026,-0.5345607297680738,0.9002281542267029
0.4941146464989667,-0.8494820114062898,1.5014376540718133,4.106333156480566
1.8460306831247895,0.5467259413515141,-0.4112431946755042,0.2293594089448526
-0.4716347344814848,0.2096721717891045,1.9667021581835573,7.651003876585344
0.49901006583171176,0.5528414675030882,1.1710299431757702,1.911480080271588
1.1646376174014887,1.3384856339313216,0.6855007508620475,2.1136683271300085
-1.0506592131690737,-0.11204602576075007,0.7794237176754368,0.486055258315685
0.7818604564499938,1.374571672992656,1.2549614681897885,3.865921599090534
0.16594366045545286,0.020236171554151732,0.25609613755916527,0.017205627151476426
-0.9663401071441815,1.782941475913817,1.0434851437710433,4.315090839601936
0.9519139089998592,-0.5378355763920982,-0.4939020174765302,0.16878504279520162
-0.17092246169569988,1.0650539989215282,0.4426432257277893,1.2210684469564785
-1.15067263144611,0.2841417353850873,-0.12211607929668185,0.0789154896816979
-1.2620306514934672,-0.3414798131894905,1.1843444959555762,1.7778551895660641
-0.8435185230829237,0.7137307700411631,0.585900276555413,0.7105389516895253
-1.0645957218234503,-0.2341558854718817,1.147710432038122,1.566638191129186
0.6485125035869351,-0.19713988433246402,-0.2342838365769182,0.02600454814956523
-0.26009065013000365,-1.2331995720633449,-2.59907268179838,-16.036419508905077
-1.4062594061871885,1.3289937205017084,1.3966857869534557,4.490782832850044
1.3198215907150082,-2.1880238327858974,0.0133156762669402,4.7874506538048225
1.4992808033057705,-1.565848488483349,-1.839219543970532,-3.769698937135034
0.7899474681624057,-0.7734619117911605,-0.266485391179886,0.5793190118498358
0.16892202026806352,-0.03177868348059684,-0.04551712039221484,0.0009155819782697734
0.8130760662898079,0.10910045457894378,-0.37220707998271213,-0.03966195634497584
0.2239150818374411,0.5405903535185443,1.467452119150089,3.452272394974517
-0.22850880568536322,1.2885456956977541,0.5320387514449221,1.8109516830647827
-1.009675369206487,0.11726208923207622,1.2847593727150368,2.134382756401544
1.3240127653748968,2.47379495556283,-0.26636411037585717,6.10076299134263
0.48111896390193676,-0.24396199195254895,-1.0778542628795322,-1.192701090839667
0.7996774500061791,-0.3788047440394664,0.5477845002190702,0.3078655561057766
-0.17618310667191756,-0.0824559004495821,-0.9949275060280157,-0.9780606026341238
-1.1417689014136758,-0.47750387853846676,-0.07763790883487551,0.22754198027495567
0.7669568260620614,-2.067882114457949,1.0080607496460527,5.3005141390405335
0.27113741269549846,-0.8666764553500688,-1.3189658982623549,-1.543438698723947
0.9482382581563836,-1.7976318881075777,1.6158224368169236,7.450202358667205
-0.9906501772288371,0.7178547429092159,-1.1219891160112012,-0.8971113114434178
-1.2516796305360864,1.4310412951599107,-1.0586018843562555,0.8615697433648402
-0.8853044839504568,-0.23153657827413332,0.10200766991286359,0.05467063449021585
-0.33255888682210716,1.5078255134229939,0.8091267092822108,2.803261733350614
-1.0872466080048004,-0.5454884229237018,-0.5401428700868105,0.13996860372171332
0.7339449241687629,-1.529235520691897,-0.255291966714396,2.3219228821020277
-0.24225180304367908,1.0799526143835412,-0.5942640696360738,0.9564334212092891
-0.8292892626366225,-1.6141763876567337,-1.2747462277534327,0.5341309046785119
-0.07482104487504246,-1.3184914021648906,-0.27425517674138283,1.7177912270943458
-0.8725498415341336,1.1029605017226207,-0.8328561150416579,0.6388118001962709
0.18243365122083843,-1.0361737353792595,1.2357510579485904,2.960747572338583
-2.0001304937116156,3.716416843096123,0.4640409392738145,13.911677940167332
0.5797014029091248,1.1061897921898802,-0.8580989108053795,0.5918086754393923
0.5011509380769885,-0.8604293618085612,0.3868770400123314,0.7982440604305926
0.28609712573436374,0.6804436507815026,0.2017650420297522,0.4712172416552147
-0.07595269249545564,0.2148063181123763,1.1675995207420145,1.6379169179752877
-1.265367305950958,-0.6764648391158131,-1.313845501483593,-1.8103422899697448
1.2544152611225876,0.7785870832426227,-0.5050070763858321,0.4774048071504999
0.39061852891385523,0.09422763777120426,-0.10995869547997726,0.0075493465110876585
-0.8543066945608866,-1.3029668433501949,0.4090567412262759,1.7661690030077803
0.5230634257252083,0.3580024925059376,0.5531300957847691,0.29739754310663014
0.9533561221567742,1.3877023794002616,0.16197118603846242,1.9299671536158027
0.8036174619883031,0.818400471099752,0.1036228238987432,0.6708920008181899
-0.7909100430945323,1.0979451130961648,-0.7812056788591027,0.7287274629975304
-1.0122513027776596,-0.44649943394259267,2.1948635164105403,10.77295399813406
-0.6255805518658396,0.9286090046195907,-1.077767190749899,-0.3896004120962864
-0.17273887210948893,-2.4033542212694354,0.1885947783118779,5.782819450159328
-0.07883498535661654,0.06254891381638536,0.012221666830187572,0.003914192159474717
-1.7008383362044692,0.9650013027090767,0.39616068908406826,0.9934022767679123
0.5216845526141938,-0.31158268390829663,0.2618952473385919,0.11504693361015131
-2.6964890146195324,-0.6681217222473765,-0.5928956776064116,0.23796881397493996
-1.4464558227619575,-0.3420643601660552,-0.9156455224999503,-0.6506753353378116
0.38877527792886213,1.2449179788748772,-0.31370070216071566,1.518950074478403
1.5294995601263193,1.2676529044764844,2.0413065123499403,10.112929880528451
-1.2939185167386986,0.9241602612643013,-0.5552422856736927,0.6828943256125524
-1.1369518875476727,-0.8474125359762582,-0.03502588555188821,0.7180650359299361
0.9010936823592499,-0.5781277264364777,0.04849598774516991,0.3343457238884737
-0.37523111995278213,-1.934041117270076,-1.3133317932638717,1.475227308719
0.4146237313875764,0.8667552222318116,1.8065983754821269,6.647636220454768
-0.48951559079063445,0.15957182943231416,-0.07370431644595435,0.025062782854467034
-0.2908172304891422,0.4696588051313668,-0.7963203315319125,-0.2843880893853689
-0.03070005180430518,-0.7174313635613073,-0.5708141643948802,0.3287200613492052
-0.8876521068422434,0.3667721782293104,0.624187061388091,0.3777110318797212
-2.0493661480993497,-0.2856277211069687,0.004058722919306525,0.0815832619250435
-0.6309931335034895,-1.1825312562187518,-0.9657258900569025,0.4977186202241941
0.06731250316540341,-0.6338460028033577,-0.059153818908077346,0.40155376574743223
0.3725814084525828,-0.07508623839531312,1.1045081987621213,1.3530698650519009
-0.6129675843183245,-0.12621747866295852,0.9466300380075555,0.8642140079889499
0.2905299787333473,0.3068651754090927,0.8942022071775588,0.809168163315337
-0.3074649487219207,1.3111845612923807,-0.41815311014990364,1.64609003631724
-1.0931052720888206,0.2587146648657726,-2.0565109995184625,-8.630540142289542
-0.161188170337595,-0.0015537852935729316,1.1557882986158647,1.543958273123648
-0.4707593716127722,0.1745081956611836,1.4661029557073582,3.1817796566008845
0.5893394180090671,-0.7426561226706495,1.8202062142223934,6.5821555407024475
0.14023825780154145,0.6814149231685992,-0.3036258311725455,0.4363354434462185
1.0146710081473558,0.0104332057632537,1.72675370642833,5.148733015889673
0.6286442544766905,0.9284553172538325,0.2563539834997531,0.8788761844029062
0.18673683741610225,-0.5337417824928645,-0.42560468847089017,0.20778653339100628
-0.17746110704060417,1.0445100377716774,-2.4320672218611588,-13.294557158063524
0.6510596253383129,-2.03711996279341,1.4162216304560613,6.990350391911447
0.21253762594219547,0.09671691698220777,-0.8866690029658727,-0.6877289778531595
1.4056569953520726,-0.9511263458241999,1.7839592676925258,6.582110727832113
0.4951717371557753,-0.6220583958400409,-0.24777871490979653,0.3717444491689684
0.4738339861683548,0.10330550971548788,-1.3785552578165265,-2.609154508943325
1.5433169458205307,0.5090041998058774,0.8323888523222526,0.8358235396190721
0.6046108532966034,1.8170569957951324,0.12007597687925065,3.3034274102477488
-0.06403677383199011,0.9314413444294396,-0.7112850438266318,0.5077250868623
0.25933126539245527,-0.9984759590891129,1.2486329299720957,2.943678105869962
0.13533950995332358,0.4702832742474004,1.422218512539009,3.0978955618658923
-0.1195603543956454,0.3952883311957666,-0.32299650457374657,0.12255569179067165
-0.22144289206935636,0.54512987209066,-0.7752479465190859,-0.16876470913887415
0.4831096224859335,-0.16542750823474037,-1.585883787004359,-3.9611748946635053
1.1990394667841204,0.8261017943979817,0.7760012334306657,1.1497349789381406
0.13320545608102813,-1.2897962600731854,1.759395508845675,7.109734906241432
2.553984805582516,0.24635193425625895,2.21479654498854,10.924983337375318
-0.7763674429876668,-1.0109622084299252,-1.4422669126543617,-1.9780636350338476
0.6408790314021807,0.5211739667685508,1.5814858681134476,4.227072735384204
-0.06909169303156137,0.30003007311380764,1.4082855172272104,2.883025784009773
-0.07424878028755735,-0.9078636967691031,-0.1854404928104262,0.8178395315376574
0.08184188318725026,-1.5456121800367448,0.3023646726978533,2.416560518438116
-0.5664230269130207,-1.7176445846805963,1.6402796763242602,7.363503956466369
-0.8465248559773164,1.184596707296171,1.2317147290275683,3.2719298543070687
-0.5453490445753337,0.7561205403029513,0.7205234373788085,0.9457809132342143
1.5543109766273917,-1.6008519369948024,1.9324916021187077,9.779662790633676
1.1837744510862975,-1.349310236404182,-0.2198513968086451,1.8100116766770562
1.922653307893591,0.528297144160942,-1.3520819355320461,-2.192677673561928
0.010596351539410518,1.9644254891876267,1.194768668700855,5.5644665287705815
-0.4294044420204189,0.7363982526085177,0.12496793135962217,0.5442340086129765
-1.862980699674585,0.6872541829899242,0.2975949953897072,0.4986741525241671
-0.039755116791291574,-1.727308286988185,-0.2523993776334076,2.967514703418775
-0.9698675381333007,2.1525032158992876,0.7609101741710346,5.073825133805157
1.370880365774119,0.880223365163554,-0.464809188749981,0.674372271283943
0.023806771787119436,1.071150562788871,1.3128607785701571,3.4102148612207497
0.7785784098044272,-0.059084024194221214,0.3600937524288446,0.05018338235282149
-0.20587476692742124,2.0553022686258973,0.3132413105993535,4.255002689985862
1.0723398731021105,-0.6319211180066593,-1.4328891040936635,-2.54264231991311
-0.08968437528980841,1.7775775152658728,-0.5071012711408829,3.0293798692421383
0.6609337047299305,0.7818539321567521,0.5061545830720717,0.7409685600010079
-1.4618922389693818,-0.2271460676085889,0.9890296643270301,1.0190440535446066
2.034644028280281,0.24128811462458755,0.5724544163601438,0.24581558998415023
2.058827257663732,0.6864296938728317,1.2398121691783885,2.376943429852947
0.941663624765936,0.3420256319930538,-0.5432291514611746,-0.043324254848741375
0.7290045726390048,-0.803495569298276,-1.0807444983486039,-0.6167138150121758
-0.16283137796466896,-0.9472400873250534,0.201962324086127,0.9055015799117537
-0.11209785005777963,-1.9993608291474194,0.4312403587804096,4.0776407387048055
-0.3361343791928593,1.1160676642004825,-0.19966973585120412,1.2376465973631552
-0.5021984922781284,-0.8035573142598763,-0.5038530671037627,0.5177922305804444
-0.6390915657679762,0.8537594420002574,1.1357460194948463,2.19392557814705
-1.6316389853485718,0.33075746602176925,1.2676100768894936,2.1462411284244594
-0.402154925830774,0.5567872582049743,-0.10001850249223956,0.30901149572193654
-0.16078655751809331,-0.07492756109980096,-1.0781553420082932,-1.2476540520185857
1.5377380403612266,-0.8190591462372303,-1.382220693573289,-1.9699218087663382
1.1866906334183258,-1.2410373161237713,-2.1325533080184025,-8.158217364930305
-0.04570395161713287,0.2073723004957336,-0.6555111221110951,-0.23866646995979482
-1.703282472584557,-0.25486768854243724,0.8337541702914606,0.6445384288633288
0.4766398696668686,-1.513042607532253,-0.5938392877808241,2.079883417355606
-0.3867342652021744,0.6926539668523375,0.8888471632614787,1.1820025788392703
1.52770466066067,-0.5529971939375817,1.2202887110177656,2.1229433540392613
0.6587966933543178,-0.4390530422104762,0.8748159457955864,0.8622667882916459
-2.400800694850674,-0.7498239202821902,-0.6398934282433475,0.3002228449966619
-1.4012281791392631,0.6632177022128238,0.17246114340408714,0.44498720575499245
0.008688154210594374,-0.4423400876601672,-0.4730858187791494,0.08978332525091103
-0.012672564721654735,0.6394274929477236,-0.3459882697287081,0.3674499954980586
1.0472666432008828,0.7394297018259564,2.171440291444734,10.785429356683338
0.47574322681271153,1.299470866944763,-0.5792520742774104,1.4942663677521733
0.7311533357182517,1.644904602944411,-1.2864354965111544,0.5767680978431113
-0.4064392749233176,-0.696950961243067,0.43817999452918166,0.5698719495658476
0.8106157749283092,-0.20993343453216662,-0.6275267958370014,-0.20304165437709443
1.2922055068683376,0.08862793377904793,1.924246401171805,7.132808650931921
-0.4317161464427443,-1.7673902252205065,-0.21794352628864777,3.1133160256893584
0.6513465233189087,0.1437284699084385,-0.49726177983107284,-0.10229968805486075
-0.18073171366569096,0.8103203572288576,0.3024300862065907,0.6842805337527914
0.015224596745789735,0.0005655456827272366,1.888039097538496,6.73027749518885
-0.9242463631659101,-0.04574711696941713,-1.9615852979595614,-7.545728224634832
-0.8817947425880032,3.2141965439054547,0.7031190609855447,10.67866490278344
-0.35197027596773184,-0.2726662750541906,-1.5138905385505859,-3.3952851795786327
-1.7148286599644673,0.3392499991356369,-0.0412549033669628,0.11502034742727317
0.20950484873529057,0.8667900072552732,1.7231532733742156,5.86781018644799
-1.1277383907994258,0.855840106620483,1.1148649765202054,2.118154630384528
0.7269717580169628,-0.9003877178253129,0.5016085904349923,0.9369083707440302
-1.115055196192575,0.09901369613989268,-1.627366613215753,-4.299987244483625
-0.43289727078101203,-2.1744133574260265,1.1706564867778924,6.332383956208287
-0.3567770950858022,0.517964195670271,0.48023464492044815,0.37904117386214736
-1.1050484684678488,0.19076649037758575,0.3463334512032226,0.07793346363570658
-1.9173899077484757,-0.22994778778646313,-0.029221833288664876,0.05285103213031387
0.49291753223125795,-0.7214268102715115,-0.4474538575340729,0.4308696887968494
-0.894974321837985,-1.3302941645060022,1.6631730360957244,6.370259590288649
-0.2295889712087561,-0.09784839435462657,0.16809066264450273,0.014323621008695487
-0.3721232815139573,1.3472867619256066,1.2959799000497847,3.9918626758368188
0.25004944470966267,-1.2035045768052544,0.18093232896864694,1.4543463589655072
-0.5012641282690632,1.515223840792814,0.31856073247731176,2.3282311303738896
-0.5550839306796812,-1.4604553993355942,1.381860783222138,4.771647341404984
-1.4928119044299428,-0.8480280284743843,-0.27913113283961555,0.697403261148888
0.2260459645945986,-0.19284390334531482,1.5027942895312312,3.4310853834541604
-0.10459395901820137,0.8835073175012915,-0.3311853348282455,0.7442595385560541
1.2763579036658623,-0.04965204242546448,-0.3041805225466535,-0.02567921792448895
0.876507080300691,0.4552033003791949,-0.6808694207739749,-0.10842955849939886
1.2838587092561455,-0.6201975440571227,1.6709482527736448,5.05004624589684
0.03987898811192832,1.7717648183533456,-1.0134530735955085,2.0982459603935704
0.08695412027050023,-0.45936572025908673,-0.591381684895693,0.004191589750790203
-0.7903629284239555,-1.1352583537820768,-0.11358616211730252,1.287346062042703
-2.5088516268850256,-0.4579982211921337,2.097031320246073,9.431542233582288
0.5907381854237505,-0.6541889874685354,1.4631387371807676,3.5602140090898606
-0.221794675145093,1.712958999524805,0.3475694404499728,2.9762164920602765
3.6029606213321803,-0.7521807504780621,-0.8857333312696262,-0.12910276194754922
1.4831171012153692,1.5398328448782603,-0.23643457695460074,2.3578681877787657
-1.239052588394989,-0.4175217788432633,0.20356196083071795,0.1827595288397142
-0.5710965036189599,-0.08786067865149202,-0.21748327338916523,-0.002567236884749297
-0.3182539906420368,-0.8483667130358136,1.3432226539893641,3.1432316554708812
-0.5130849969292289,-1.1658013885611997,-0.999424670030942,0.3608178746551123
-0.059155718870769446,-0.5587662388281052,-1.296773583608274,-1.8684629237282715
0.14412638989570742,-0.21437657389880665,0.6494743000039196,0.31991652944922333
0.211855830996918,1.480431670748386,-0.5404123183737827,2.0338529601609405
1.5280706985298924,-1.8674422355175857,2.873395224664396,27.21124117245802
-0.5374040899478281,0.44900325533196017,-0.950529307694171,-0.6572049759064749
0.8872186033869225,0.8384264639957878,-1.9026128023249116,-6.184376643882362
0.9929683815870839,0.25418721298720937,-0.288018574699478,0.04071864496848121
0.13194597880055958,0.43624984784547716,1.3741027186908297,2.7848373576915475
1.3308439302440673,-0.22270476043524512,-1.6637121502286079,-4.555454869038398
-1.050485623396063,-0.6082547716017788,0.301962875691991,0.39750731876878004
-0.26335179532402403,-0.3470349779393707,1.4568110916558352,3.212221353223223
-0.22955697305221576,0.5603358210460393,-1.5116751609000727,-3.140446087381311
-1.3462101542668472,0.8854220237903494,-0.9197554019395782,0.0059050784967922265
0.2474532841835511,-1.1366392529334277,1.158699007005639,2.8475988307754303
-2.055601085282126,1.1815626538661692,-1.1293624303791296,-0.04436573480102113
0.23441226186578004,-1.0256209654081996,1.3848314134971227,3.707669947237565
-0.332588976877069,0.7408484808681727,-0.09891462133491302,0.5478886808292047
-0.6656287917815248,0.8351605556862177,1.1496715133958402,2.2170652554035626
-2.353184884498804,-0.1608392390806024,-1.279753318191482,-2.070070482403086
-2.2995365161696477,-0.7197781237719743,1.4987965060431214,3.884963479298304
0.2094799343742333,-0.7245325152036202,0.24237053136973727,0.5391850527106455
1.2205058601904981,-0.792159308683767,1.9784109863749506,8.371234657563155
-0.024802209337317038,-0.4697555496140855,0.7936004747884852,0.7204812153164994
1.0868661035486318,-0.2098284652386081,-0.6087651542860633,-0.18157734548660076
-0.4702567163177579,0.8546088317644279,-0.41492284053587736,0.6589227392841345
-0.19951938207435843,2.5982219040670915,0.0605181980672264,6.750978707787563
1.0044450526425182,-0.02244359255397606,-0.3014583023733665,-0.026891943876603652
-0.5731573897348913,0.5056255468590162,0.23652983844724587,0.26889017818766986
-0.7750501762270943,-0.318984675767577,0.9162082657605127,0.8708508784849129
0.9149254634087935,0.8807209388964751,-0.9608540824438313,-0.11143009638867662
0.21027977131547243,-1.5824668855537594,-0.5137621787660501,2.3685931069299553
-0.1664754568546587,2.178774149957037,1.4858927722278839,8.02772576396452
0.09387006106306942,-2.1343757436556565,-0.6840638326778746,4.235456709240256
-0.4784414055968115,-2.202359225728219,-0.31341318320657663,4.819600264336547
0.6926169326844456,0.05134034671391997,1.9108524748132654,6.979840735986281
0.9822275638811446,0.7800299907274951,-2.1737849950532175,-9.66342902088947
-0.7440545531884475,-0.5186486934878718,-0.05246532970618118,0.2688520506223904
-1.157397221643119,-1.6232450745426357,0.5497816020422471,2.8011014545710013
0.8159044408888471,-0.024073110990879238,-0.04360660543822344,0.0004965951410503256
0.5764789695904707,-0.6007335824412507,0.7677406088345495,0.8134068386727558
0.7385790377955324,-1.1375280243693575,-0.6662902113109416,0.9981753670197384
0.6810382575014439,1.42217566578546,-0.5518967869152048,1.8544813470315142
-1.0035650871561597,0.5951545156598865,0.37479285096366244,0.40685592977632395
0.23690271841322025,0.7285345214338982,-1.2525083279318339,-1.4341438479500228
-0.6660147614385593,2.0917687376782474,0.7108157485699159,4.734642526432572
-0.7443610395046091,-0.5706099732875239,0.27966350850784333,0.34746869388841417
0.7989338745017357,0.1575021589652338,-1.6831568344177603,-4.743604876404958
0.9548933786560139,-0.27818350117396334,0.14888130366155183,0.08068611008920538
2.149043420804901,-0.4989008450826546,0.6579150547358724,0.5336820447433483
-1.0346612870935692,0.017941941405419052,0.3089995654477754,0.029825417787127672
-0.7156380198421358,-1.4429030054397338,0.5953299554041079,2.292964589862722
0.37196909365242636,-0.7610391197231411,-0.3828600127420162,0.523060236008075
1.4163468275447875,0.35943186681952205,0.04143855757404577,0.12926242327248927
-0.9903137633613354,1.3106217864285576,-0.08271552323593385,1.7171635392146583
-1.2697154489429885,-0.9108272808662838,0.4773843260269,0.9384002159447536
0.21172515051073354,-0.10655844274894469,0.06976389042661121,0.01169424260421217
0.8154986872152612,-1.272444129649459,-1.5487857662893147,-2.096016201450939
0.9961379531832556,-0.9009778184981828,-0.4399620914286112,0.7265990448271427
1.0323458799537968,-0.7732596957127885,-0.9224095446079861,-0.18689179694275293
1.2017031789143264,0.9510680561371119,0.49336316485170084,1.0246186000778463
-0.03636387602720854,-0.19986983586102253,-1.6508393133214696,-4.4590356278691585
-1.9017099559861614,-1.2835356343894877,0.09334034118429309,1.648276944936918
0.31957867852781324,2.2304802926804568,1.0010498184451209,5.978195098884586
-1.230202640879311,0.6512444091991889,-1.0620713085825269,-0.7738923385585521
0.1992995620992543,0.04778620102919668,0.06000963254012706,0.0024996250569385135
-1.6944104052610325,0.26366253732877515,-1.6201410677926413,-4.183120818071777
0.18728853722073308,-0.8522715576677,-2.0060139492618916,-7.346017806157745
1.2996461099017163,-0.2566416458659246,0.5124303936539735,0.20042142234121707
0.9983418064786598,0.09421515385292122,0.4731511021264615,0.11480176240033174
0.5295545832848709,0.40535152517152867,-0.9859031208512038,-0.7939928682398916
-1.0923715314316282,-1.6112697231601356,0.6765491589600837,2.905859365928225
-0.8454803100154868,-1.0429370876352422,0.8198886704425336,1.6388612252702845
-0.3585379461230937,0.01638851973976024,0.2947911624253542,0.025886474897974132
-0.32976059230378196,0.07008341282963858,-0.13193937003436565,0.002614884547942941
0.24901610871230387,0.5285655596657061,0.339393723408424,0.3184756688426442
1.4716151586976782,-1.7879979651850508,0.5880825958895943,3.400319878640352
-0.9215662255143726,-0.3261476350213247,-0.2915932231340034,0.08157909721595977
0.3494607893035737,0.5394652340602648,-0.22260442565925614,0.2799920816862774
1.4592926506754862,2.7956066820061594,0.40663073192086685,7.8826525232572475
-0.06040123810558728,0.24088365247034804,1.1402706158443308,1.5406242615577885
-1.0200911520607059,-0.6933457289530456,-0.07908275964358305,0.48023370972480595
2.005144836728044,-2.022631778686516,-0.8347142254701813,3.5094539800395355
-1.001104143970592,0.23693011696007082,0.6474099497173504,0.32749105551737356
-0.5398572369382204,-1.6515805058752782,-0.0626068606473959,2.7274727723467085
-1.45447504171862,-0.7881067588561473,-0.5485901241638104,0.4560134486912729
0.29407507121747967,-0.20043377215451508,0.11046511386966099,0.04152165214337614
1.713864685816761,-1.2606550813030217,-0.44601759658837814,1.5005241968719032
-0.5057849116220022,0.10315862609877209,0.45807157034141843,0.10675865982030387
-0.6856797849928533,-0.31455809413045605,0.3974642524046147,0.1617373354513436
-0.16994726479412342,0.8780077373551233,1.0798018287846867,2.0299162733717875
1.6791277002278577,1.7878020652613427,-0.15229365752600346,3.1927040232139134
-0.9519782815042538,-0.7651055557756423,-0.4125554463468128,0.5151687509217915
-2.378944534813772,0.5378502782189952,-0.12843103019014832,0.28716451236204704
-0.46686891612061016,-0.02136792272377825,0.5003403831394915,0.12571204930660745
-0.05493308472012024,-0.6976666000869322,-0.14937084297378064,0.48340597509782013
-0.1547756985003639,-1.5434560727080593,-0.486147121011107,2.2673611126353683
-1.2707597706287488,0.8236297742024564,-0.7269512792323299,0.29420266779168414
0.21564124145472827,0.5070202812443919,-0.6621166357273006,-0.03320133414880111
-2.1608891253469595,-1.7988718407753495,-1.4456955267868474,0.2143848451518955
-0.7002055911778642,-0.7877850982935125,-0.2829804569846549,0.5979448693107365
1.5268339960923147,0.7689575631668373,-0.5613450144853004,0.41441130266303033
1.1737521108295614,0.6300383706070842,-1.5317500542396094,-3.196932820577522
1.470750953275923,-0.24785851366087572,-0.9966102701317548,-0.9284313994579184
-0.7720927890600994,-0.9289496094254623,1.9883256738080957,8.72367161080842
-1.854305770502513,0.0817851492681673,-0.8824053535828951,-0.6803865950359489
-1.658945852357394,0.10349344153615929,1.1126180983819114,1.3880420127179809
0.17542017026773216,-0.6530882260718781,-1.1529423630636966,-1.1060544882713883
0.8632236793338364,-0.0002723555857864611,0.2903888358426502,0.02448730905763703
-0.09017061235382365,3.039102783809515,2.487978138488362,24.63681802841068
-2.09674941892109,-1.3876225258337958,0.5144773942534507,2.061671746696649
-0.5971141432571916,-1.0525100612828135,1.7900124010028773,6.843235632087336
-1.3806625767984435,0.7060329432770963,-0.7268406359284894,0.11449456420596643
1.0926840487269978,-2.165433327105274,1.4142337332949426,7.517649646141688
1.1048822784692944,-0.8994886484776845,-0.70455353252265,0.45934249873326133
0.6396309441625043,0.40576831050025014,-0.4610675666038217,0.06663265652555143
0.9267922032400504,0.8705213453526228,-1.5743600417786847,-3.144416408042447
-1.3354061043373826,-1.7003966875772631,-0.6860819879029185,2.5684042757517824
-0.25804956603441154,-0.6099626326094425,0.5308973043288545,0.5216888524567797
-0.8737271617962535,0.9468460325181008,1.4092363112154291,3.695186006855021
-0.3595410563616601,-0.8483536837075225,0.814126989906441,1.2593095850550728
1.3605727224038013,1.5643049443030372,0.17047800136031158,2.452004518125587
0.09576707913060552,1.247867940566443,-1.2193498963466893,-0.2557723066421669
2.0473915481119223,0.18385927691168355,-1.3385841867179828,-2.3646811186674497
0.3078255392033867,0.2473811125670185,0.24825386461755347,0.07649729588832035
1.5350514854931185,-1.0658234693580793,0.8987017147698262,1.8618293835071076
-0.6275176800089736,0.22055730074654487,-0.4917647767385002,-0.07027922949072275
1.3213114522652476,-1.0675955769253016,-0.891329645843109,0.4316269556546878
-0.08374534124248027,-0.28973451404877304,1.0306674530976518,1.1787987684776615
1.0386685177453652,-1.1562752675883856,1.4981321038383264,4.699379889490458
-0.9007580782886695,1.6695821677580651,-0.35639845898155953,2.7422349319741057
-0.5587127852464258,-0.4728819942404953,-0.2230908991018565,0.21251424698409746
-0.06194069821364547,1.5238620271339012,-0.6652395227499387,2.0277579694271863
-0.4767005372611989,-1.1602243943479207,0.07403399798964742,1.3465264280156144
-0.629892905424751,-0.48582460709904574,-1.4734439387417835,-2.962875819414982
0.5675295294694993,0.8856883707434277,-0.45435429575689407,0.690647976987282
0.28954756432446893,-0.7931333479651614,-0.14136994657161375,0.626235163988447
0.401965246277359,-0.06810181467333332,-0.12240099714498091,0.0028040449204755624
-0.37347231517771434,0.42219615427993196,-0.6145587463034853,-0.053858461917630385
-1.143073603251827,-2.516509972460602,0.17170703079216007,6.337884932154153
-0.48471329041915734,1.4665860146596166,1.7411934992903066,7.429746291028946
-0.08126470646422333,0.608155615987127,-1.0308111854517636,-0.7254575405019008
0.3386189462306605,0.39871455347066254,-2.174618190272483,-10.124718435074133
0.7785814945685599,-0.8847656797599762,-0.3326273320193292,0.7460081067294729
1.1560774375148573,1.5145312208659236,-0.10402256107503972,2.292679222757042
0.02872574063674553,-1.570847647958468,0.561976968918026,2.64504483930378
1.0615947106665562,0.348630986445478,1.730193196603229,5.3009954127749435
0.2609578107117043,-0.28741333174055944,-0.6391760867536911,-0.1785264549408591
-1.6745045187668455,0.9922712149423905,-0.37400241053644473,0.9322875284681408
0.7804433214475608,0.6859793625948318,0.8533534809060707,1.091990070359788
1.0881662157028067,-0.35698006819616523,-1.2448302124364439,-1.801556938673059
1.6742307439825093,-0.691800590847494,0.13918113387110362,0.4812841892470084
0.4310895728892288,-0.7257840896841603,0.602546181436464,0.7455241067688756
-0.44825010006527977,0.49013380674474855,1.3109056868159297,2.4929881203470874
0.4830171528579872,0.5092946715117672,1.2337674891737809,2.1373999947855133
-0.3094430001788032,-0.3607461441509622,-1.8477258502196103,-6.178166078101302
-0.3803848836949695,0.37194935879349617,1.5605481196729338,3.9387654438163455
-1.4590214386291915,-1.2381766269645726,0.6790091076849176,1.8461407957788227
0.21310515160629387,-0.4655830535607699,0.9557166662200465,1.0897137791530709
0.9623510832899834,-0.406611337063135,0.1410743304616978,0.16814043605749054
0.323132651179142,1.4288428487634521,1.3130792224536096,4.305572939347275
-1.5618534105094857,-0.07892111347101013,1.9385414311506521,7.291156511486668
-0.16444676374006442,0.5293423640062261,-0.29874134761653454,0.25354175068395995
1.3319448252785597,-1.629794811023668,-0.42647472630719163,2.5786636076221594
0.9459411016022438,-0.5111733761645413,-0.2559806860727047,0.24452480148559516
0.6898228906688443,-0.8582787019113235,-0.7026748059228308,0.3896953216787721
0.8051988454398009,-0.742201488398068,0.4107768129188958,0.6201765388331878
-0.866578262123898,1.5892520482345014,0.45992177720029587,2.6230084254277797
1.0438252113018236,0.3147712301790805,0.8794884064714655,0.7793650840908195
-0.7287609208868331,-1.0872911824195604,0.8761716274000703,1.8548186770259245
2.030437872680195,-0.7078354620881762,-0.5966115631322035,0.2886699254032222
-1.1054458187264338,-1.1753471992713547,-0.48740821700297293,1.2656490430491791
0.21865184252568473,-2.2976984632487203,-0.13115751248336466,5.27716201804604
-0.18130816411629447,-1.465195899049747,-1.418668169486837,-0.7084400221761316
-0.23332416904999187,-0.5233882274624667,-0.4416992699245297,0.18776048424333813
0.5576282943554379,1.7109632234276753,2.2157718929416967,13.806048727940908
-0.28007614710915046,-2.1780258895255566,-1.097220977208022,3.4228591638474377
-0.6841469030776308,1.6095819438877774,1.678597468826548,7.320520433531003
0.4166469998327798,-1.443946746370225,0.27255062488789494,2.1052283142164376
0.6069096951413239,-1.394142302771012,1.8521246673441991,8.297097845796268
0.09919086276773748,-1.2828510538929543,-1.604454820525558,-2.484601541614224
