<object type="edu.utexas.cs.nn.evolution.genotypes.HyperNEATCPPNGenotype" id="0"><field name="numCPPNOutputsPerLayerPair" type="int" value="1" /><field name="constructingNetwork" type="boolean" value="false" /><field name="innovationID" type="int" value="4289" /><field name="smallerGenotypes" type="boolean" value="false" /><field name="nodes"><object type="java.util.ArrayList" id="1"><field name="elementData"><array type="java.lang.Object" length="171" id="2"><object type="edu.utexas.cs.nn.evolution.genotypes.TWEANNGenotype$FullNodeGene" id="3"><field name="fromCombiningCrossover" type="boolean" value="false" /><field name="bias" type="double" value="0.0" /><field name="frozen" type="boolean" value="false" /><field name="ntype" type="int" value="0" /><field name="ftype" type="int" value="1" /><field name="innovation" type="long" value="-1" /></object><object type="edu.utexas.cs.nn.evolution.genotypes.TWEANNGenotype$FullNodeGene" id="4"><field name="fromCombiningCrossover" type="boolean" value="false" /><field name="bias" type="double" value="0.0" /><field name="frozen" type="boolean" value="false" /><field name="ntype" type="int" value="0" /><field name="ftype" type="int" value="1" /><field name="innovation" type="long" value="-2" /></object><object type="edu.utexas.cs.nn.evolution.genotypes.TWEANNGenotype$FullNodeGene" id="5"><field name="fromCombiningCrossover" type="boolean" value="false" /><field name="bias" type="double" value="0.0" /><field name="frozen" type="boolean" value="false" /><field name="ntype" type="int" value="0" /><field name="ftype" type="int" value="1" /><field name="innovation" type="long" value="-3" /></object><object type="edu.utexas.cs.nn.evolution.genotypes.TWEANNGenotype$FullNodeGene" id="6"><field name="fromCombiningCrossover" type="boolean" value="false" /><field name="bias" type="double" value="0.0" /><field name="frozen" type="boolean" value="false" /><field name="ntype" type="int" value="0" /><field name="ftype" type="int" value="1" /><field name="innovation" type="long" value="-4" /></object><object type="edu.utexas.cs.nn.evolution.genotypes.TWEANNGenotype$FullNodeGene" id="7"><field name="fromCombiningCrossover" type="boolean" value="false" /><field name="bias" type="double" value="0.0" /><field name="frozen" type="boolean" value="false" /><field name="ntype" type="int" value="0" /><field name="ftype" type="int" value="1" /><field name="innovation" type="long" value="-5" /></object><object type="edu.utexas.cs.nn.evolution.genotypes.TWEANNGenotype$FullNodeGene" id="8"><field name="fromCombiningCrossover" type="boolean" value="false" /><field name="bias" type="double" value="0.0" /><field name="frozen" type="boolean" value="false" /><field name="ntype" type="int" value="2" /><field name="ftype" type="int" value="1" /><field name="innovation" type="long" value="-6" /></object><object type="edu.utexas.cs.nn.evolution.genotypes.TWEANNGenotype$FullNodeGene" id="9"><field name="fromCombiningCrossover" type="boolean" value="false" /><field name="bias" type="double" value="0.0" /><field name="frozen" type="boolean" value="false" /><field name="ntype" type="int" value="2" /><field name="ftype" type="int" value="1" /><field name="innovation" type="long" value="-7" /></object><object type="edu.utexas.cs.nn.evolution.genotypes.TWEANNGenotype$FullNodeGene" id="10"><field name="fromCombiningCrossover" type="boolean" value="false" /><field name="bias" type="double" value="0.0" /><field name="frozen" type="boolean" value="false" /><field name="ntype" type="int" value="2" /><field name="ftype" type="int" value="1" /><field name="innovation" type="long" value="-8" /></object><object type="edu.utexas.cs.nn.evolution.genotypes.TWEANNGenotype$FullNodeGene" id="11"><field name="fromCombiningCrossover" type="boolean" value="false" /><field name="bias" type="double" value="0.0" /><field name="frozen" type="boolean" value="false" /><field name="ntype" type="int" value="2" /><field name="ftype" type="int" value="1" /><field name="innovation" type="long" value="-9" /></object><object /><object /><object /><object /><object /><object /><object /><object /><object /><object /><object /><object /><object /><object /><object /><object /><object /><object /><object /><object /><object /><object /><object /><object /><object /><object /><object /><object /><object /><object /><object /><object /><object /><object /><object /><object /><object /><object /><object /><object /><object /><object /><object /><object /><object /><object /><object /><object /><object /><object /><object /><object /><object /><object /><object /><object /><object /><object /><object /><object /><object /><object /><object /><object /><object /><object /><object /><object /><object /><object /><object /><object /><object /><object /><object /><object /><object /><object /><object /><object /><object /><object /><object /><object /><object /><object /><object /><object /><object /><object /><object /><object /><object /><object /><object /><object /><object /><object /><object /><object /><object /><object /><object /><object /><object /><object /><object /><object /><object /><object /><object /><object /><object /><object /><object /><object /><object /><object /><object /><object /><object /><object /><object /><object /><object /><object /><object /><object /><object /><object /><object /><object /><object /><object /><object /><object /><object /><object /><object /><object /><object /><object /><object /><object /><object /><object /><object /><object /><object /><object /><object /><object /><object /><object /><object /><object /><object /><object /><object /><object /><object /><object /></array></field><field name="size" type="int" value="9" /><field name="modCount" type="int" value="9" /></object></field><field name="links"><object type="java.util.ArrayList" id="12"><field name="elementData"><array type="java.lang.Object" length="21" id="13"><object type="edu.utexas.cs.nn.evolution.genotypes.TWEANNGenotype$FullLinkGene" id="14"><field name="active" type="boolean" value="true" /><field name="recurrent" type="boolean" value="false" /><field name="frozen" type="boolean" value="false" /><field name="sourceInnovation" type="long" value="-5" /><field name="targetInnovation" type="long" value="-9" /><field name="weight" type="double" value="-0.28190266703182765" /><field name="innovation" type="long" value="-30" /></object><object type="edu.utexas.cs.nn.evolution.genotypes.TWEANNGenotype$FullLinkGene" id="15"><field name="active" type="boolean" value="true" /><field name="recurrent" type="boolean" value="false" /><field name="frozen" type="boolean" value="false" /><field name="sourceInnovation" type="long" value="-4" /><field name="targetInnovation" type="long" value="-9" /><field name="weight" type="double" value="-0.5822759093232142" /><field name="innovation" type="long" value="-29" /></object><object type="edu.utexas.cs.nn.evolution.genotypes.TWEANNGenotype$FullLinkGene" id="16"><field name="active" type="boolean" value="true" /><field name="recurrent" type="boolean" value="false" /><field name="frozen" type="boolean" value="false" /><field name="sourceInnovation" type="long" value="-3" /><field name="targetInnovation" type="long" value="-9" /><field name="weight" type="double" value="-0.07263860975940761" /><field name="innovation" type="long" value="-28" /></object><object type="edu.utexas.cs.nn.evolution.genotypes.TWEANNGenotype$FullLinkGene" id="17"><field name="active" type="boolean" value="true" /><field name="recurrent" type="boolean" value="false" /><field name="frozen" type="boolean" value="false" /><field name="sourceInnovation" type="long" value="-2" /><field name="targetInnovation" type="long" value="-9" /><field name="weight" type="double" value="-0.4396257885892587" /><field name="innovation" type="long" value="-27" /></object><object type="edu.utexas.cs.nn.evolution.genotypes.TWEANNGenotype$FullLinkGene" id="18"><field name="active" type="boolean" value="true" /><field name="recurrent" type="boolean" value="false" /><field name="frozen" type="boolean" value="false" /><field name="sourceInnovation" type="long" value="-1" /><field name="targetInnovation" type="long" value="-9" /><field name="weight" type="double" value="-0.7769805518813404" /><field name="innovation" type="long" value="-26" /></object><object type="edu.utexas.cs.nn.evolution.genotypes.TWEANNGenotype$FullLinkGene" id="19"><field name="active" type="boolean" value="true" /><field name="recurrent" type="boolean" value="false" /><field name="frozen" type="boolean" value="false" /><field name="sourceInnovation" type="long" value="-5" /><field name="targetInnovation" type="long" value="-8" /><field name="weight" type="double" value="0.2763517226777801" /><field name="innovation" type="long" value="-25" /></object><object type="edu.utexas.cs.nn.evolution.genotypes.TWEANNGenotype$FullLinkGene" id="20"><field name="active" type="boolean" value="true" /><field name="recurrent" type="boolean" value="false" /><field name="frozen" type="boolean" value="false" /><field name="sourceInnovation" type="long" value="-4" /><field name="targetInnovation" type="long" value="-8" /><field name="weight" type="double" value="0.6115828263231136" /><field name="innovation" type="long" value="-24" /></object><object type="edu.utexas.cs.nn.evolution.genotypes.TWEANNGenotype$FullLinkGene" id="21"><field name="active" type="boolean" value="true" /><field name="recurrent" type="boolean" value="false" /><field name="frozen" type="boolean" value="false" /><field name="sourceInnovation" type="long" value="-3" /><field name="targetInnovation" type="long" value="-8" /><field name="weight" type="double" value="0.35775413568273096" /><field name="innovation" type="long" value="-23" /></object><object type="edu.utexas.cs.nn.evolution.genotypes.TWEANNGenotype$FullLinkGene" id="22"><field name="active" type="boolean" value="true" /><field name="recurrent" type="boolean" value="false" /><field name="frozen" type="boolean" value="false" /><field name="sourceInnovation" type="long" value="-2" /><field name="targetInnovation" type="long" value="-8" /><field name="weight" type="double" value="0.5574701079840729" /><field name="innovation" type="long" value="-22" /></object><object type="edu.utexas.cs.nn.evolution.genotypes.TWEANNGenotype$FullLinkGene" id="23"><field name="active" type="boolean" value="true" /><field name="recurrent" type="boolean" value="false" /><field name="frozen" type="boolean" value="false" /><field name="sourceInnovation" type="long" value="-1" /><field name="targetInnovation" type="long" value="-8" /><field name="weight" type="double" value="-0.8293870773224363" /><field name="innovation" type="long" value="-21" /></object><object type="edu.utexas.cs.nn.evolution.genotypes.TWEANNGenotype$FullLinkGene" id="24"><field name="active" type="boolean" value="true" /><field name="recurrent" type="boolean" value="false" /><field name="frozen" type="boolean" value="false" /><field name="sourceInnovation" type="long" value="-5" /><field name="targetInnovation" type="long" value="-7" /><field name="weight" type="double" value="-0.1338478677853172" /><field name="innovation" type="long" value="-20" /></object><object type="edu.utexas.cs.nn.evolution.genotypes.TWEANNGenotype$FullLinkGene" id="25"><field name="active" type="boolean" value="true" /><field name="recurrent" type="boolean" value="false" /><field name="frozen" type="boolean" value="false" /><field name="sourceInnovation" type="long" value="-4" /><field name="targetInnovation" type="long" value="-7" /><field name="weight" type="double" value="0.9866610476053264" /><field name="innovation" type="long" value="-19" /></object><object type="edu.utexas.cs.nn.evolution.genotypes.TWEANNGenotype$FullLinkGene" id="26"><field name="active" type="boolean" value="true" /><field name="recurrent" type="boolean" value="false" /><field name="frozen" type="boolean" value="false" /><field name="sourceInnovation" type="long" value="-3" /><field name="targetInnovation" type="long" value="-7" /><field name="weight" type="double" value="0.8096990547496326" /><field name="innovation" type="long" value="-18" /></object><object type="edu.utexas.cs.nn.evolution.genotypes.TWEANNGenotype$FullLinkGene" id="27"><field name="active" type="boolean" value="true" /><field name="recurrent" type="boolean" value="false" /><field name="frozen" type="boolean" value="false" /><field name="sourceInnovation" type="long" value="-2" /><field name="targetInnovation" type="long" value="-7" /><field name="weight" type="double" value="-0.1754664684791214" /><field name="innovation" type="long" value="-17" /></object><object type="edu.utexas.cs.nn.evolution.genotypes.TWEANNGenotype$FullLinkGene" id="28"><field name="active" type="boolean" value="true" /><field name="recurrent" type="boolean" value="false" /><field name="frozen" type="boolean" value="false" /><field name="sourceInnovation" type="long" value="-1" /><field name="targetInnovation" type="long" value="-7" /><field name="weight" type="double" value="0.6975203403307404" /><field name="innovation" type="long" value="-16" /></object><object type="edu.utexas.cs.nn.evolution.genotypes.TWEANNGenotype$FullLinkGene" id="29"><field name="active" type="boolean" value="true" /><field name="recurrent" type="boolean" value="false" /><field name="frozen" type="boolean" value="false" /><field name="sourceInnovation" type="long" value="-5" /><field name="targetInnovation" type="long" value="-6" /><field name="weight" type="double" value="-0.4125029990446327" /><field name="innovation" type="long" value="-15" /></object><object type="edu.utexas.cs.nn.evolution.genotypes.TWEANNGenotype$FullLinkGene" id="30"><field name="active" type="boolean" value="true" /><field name="recurrent" type="boolean" value="false" /><field name="frozen" type="boolean" value="false" /><field name="sourceInnovation" type="long" value="-4" /><field name="targetInnovation" type="long" value="-6" /><field name="weight" type="double" value="0.23473277673657633" /><field name="innovation" type="long" value="-14" /></object><object type="edu.utexas.cs.nn.evolution.genotypes.TWEANNGenotype$FullLinkGene" id="31"><field name="active" type="boolean" value="true" /><field name="recurrent" type="boolean" value="false" /><field name="frozen" type="boolean" value="false" /><field name="sourceInnovation" type="long" value="-3" /><field name="targetInnovation" type="long" value="-6" /><field name="weight" type="double" value="0.9026249230408585" /><field name="innovation" type="long" value="-13" /></object><object type="edu.utexas.cs.nn.evolution.genotypes.TWEANNGenotype$FullLinkGene" id="32"><field name="active" type="boolean" value="true" /><field name="recurrent" type="boolean" value="false" /><field name="frozen" type="boolean" value="false" /><field name="sourceInnovation" type="long" value="-2" /><field name="targetInnovation" type="long" value="-6" /><field name="weight" type="double" value="0.6464649633769215" /><field name="innovation" type="long" value="-12" /></object><object type="edu.utexas.cs.nn.evolution.genotypes.TWEANNGenotype$FullLinkGene" id="33"><field name="active" type="boolean" value="true" /><field name="recurrent" type="boolean" value="false" /><field name="frozen" type="boolean" value="false" /><field name="sourceInnovation" type="long" value="-1" /><field name="targetInnovation" type="long" value="-6" /><field name="weight" type="double" value="0.11971796283406322" /><field name="innovation" type="long" value="-11" /></object><object /></array></field><field name="size" type="int" value="20" /><field name="modCount" type="int" value="20" /></object></field><field name="numIn" type="int" value="5" /><field name="numOut" type="int" value="4" /><field name="numModules" type="int" value="1" /><field name="neuronsPerModule" type="int" value="4" /><field name="standardMultitask" type="boolean" value="false" /><field name="hierarchicalMultitask" type="boolean" value="false" /><field name="moduleAssociations"><array type="int" length="1" id="34">0</array></field><field name="moduleUsage"><array type="int" length="1" id="35">4225</array></field><field name="id" type="long" value="10678" /><field name="archetypeIndex" type="int" value="0" /><field name="parents"><object type="java.util.LinkedList" id="36"><field name="size" type="int" value="0" /><field name="first"><object /></field><field name="last"><object /></field><field name="modCount" type="int" value="0" /></object></field></object>