<object type="edu.utexas.cs.nn.evolution.genotypes.HyperNEATCPPNGenotype" id="0"><field name="numCPPNOutputsPerLayerPair" type="int" value="1" /><field name="constructingNetwork" type="boolean" value="false" /><field name="innovationID" type="int" value="4289" /><field name="smallerGenotypes" type="boolean" value="false" /><field name="nodes"><object type="java.util.ArrayList" id="1"><field name="elementData"><array type="java.lang.Object" length="9" id="2"><object type="edu.utexas.cs.nn.evolution.genotypes.TWEANNGenotype$FullNodeGene" id="3"><field name="fromCombiningCrossover" type="boolean" value="false" /><field name="bias" type="double" value="0.0" /><field name="frozen" type="boolean" value="false" /><field name="ntype" type="int" value="0" /><field name="ftype" type="int" value="1" /><field name="innovation" type="long" value="-1" /></object><object type="edu.utexas.cs.nn.evolution.genotypes.TWEANNGenotype$FullNodeGene" id="4"><field name="fromCombiningCrossover" type="boolean" value="false" /><field name="bias" type="double" value="0.0" /><field name="frozen" type="boolean" value="false" /><field name="ntype" type="int" value="0" /><field name="ftype" type="int" value="1" /><field name="innovation" type="long" value="-2" /></object><object type="edu.utexas.cs.nn.evolution.genotypes.TWEANNGenotype$FullNodeGene" id="5"><field name="fromCombiningCrossover" type="boolean" value="false" /><field name="bias" type="double" value="0.0" /><field name="frozen" type="boolean" value="false" /><field name="ntype" type="int" value="0" /><field name="ftype" type="int" value="1" /><field name="innovation" type="long" value="-3" /></object><object type="edu.utexas.cs.nn.evolution.genotypes.TWEANNGenotype$FullNodeGene" id="6"><field name="fromCombiningCrossover" type="boolean" value="false" /><field name="bias" type="double" value="0.0" /><field name="frozen" type="boolean" value="false" /><field name="ntype" type="int" value="0" /><field name="ftype" type="int" value="1" /><field name="innovation" type="long" value="-4" /></object><object type="edu.utexas.cs.nn.evolution.genotypes.TWEANNGenotype$FullNodeGene" id="7"><field name="fromCombiningCrossover" type="boolean" value="false" /><field name="bias" type="double" value="0.0" /><field name="frozen" type="boolean" value="false" /><field name="ntype" type="int" value="0" /><field name="ftype" type="int" value="1" /><field name="innovation" type="long" value="-5" /></object><object type="edu.utexas.cs.nn.evolution.genotypes.TWEANNGenotype$FullNodeGene" id="8"><field name="fromCombiningCrossover" type="boolean" value="false" /><field name="bias" type="double" value="0.0" /><field name="frozen" type="boolean" value="false" /><field name="ntype" type="int" value="2" /><field name="ftype" type="int" value="1" /><field name="innovation" type="long" value="-6" /></object><object type="edu.utexas.cs.nn.evolution.genotypes.TWEANNGenotype$FullNodeGene" id="9"><field name="fromCombiningCrossover" type="boolean" value="false" /><field name="bias" type="double" value="0.0" /><field name="frozen" type="boolean" value="false" /><field name="ntype" type="int" value="2" /><field name="ftype" type="int" value="1" /><field name="innovation" type="long" value="-7" /></object><object type="edu.utexas.cs.nn.evolution.genotypes.TWEANNGenotype$FullNodeGene" id="10"><field name="fromCombiningCrossover" type="boolean" value="false" /><field name="bias" type="double" value="0.0" /><field name="frozen" type="boolean" value="false" /><field name="ntype" type="int" value="2" /><field name="ftype" type="int" value="1" /><field name="innovation" type="long" value="-8" /></object><object type="edu.utexas.cs.nn.evolution.genotypes.TWEANNGenotype$FullNodeGene" id="11"><field name="fromCombiningCrossover" type="boolean" value="false" /><field name="bias" type="double" value="0.0" /><field name="frozen" type="boolean" value="false" /><field name="ntype" type="int" value="2" /><field name="ftype" type="int" value="1" /><field name="innovation" type="long" value="-9" /></object></array></field><field name="size" type="int" value="9" /><field name="modCount" type="int" value="9" /></object></field><field name="links"><object type="java.util.ArrayList" id="12"><field name="elementData"><array type="java.lang.Object" length="20" id="13"><object type="edu.utexas.cs.nn.evolution.genotypes.TWEANNGenotype$FullLinkGene" id="14"><field name="active" type="boolean" value="true" /><field name="recurrent" type="boolean" value="false" /><field name="frozen" type="boolean" value="false" /><field name="sourceInnovation" type="long" value="-1" /><field name="targetInnovation" type="long" value="-6" /><field name="weight" type="double" value="-0.1321137439351978" /><field name="innovation" type="long" value="-11" /></object><object type="edu.utexas.cs.nn.evolution.genotypes.TWEANNGenotype$FullLinkGene" id="15"><field name="active" type="boolean" value="true" /><field name="recurrent" type="boolean" value="false" /><field name="frozen" type="boolean" value="false" /><field name="sourceInnovation" type="long" value="-1" /><field name="targetInnovation" type="long" value="-7" /><field name="weight" type="double" value="-0.8175612430333838" /><field name="innovation" type="long" value="-16" /></object><object type="edu.utexas.cs.nn.evolution.genotypes.TWEANNGenotype$FullLinkGene" id="16"><field name="active" type="boolean" value="true" /><field name="recurrent" type="boolean" value="false" /><field name="frozen" type="boolean" value="false" /><field name="sourceInnovation" type="long" value="-1" /><field name="targetInnovation" type="long" value="-8" /><field name="weight" type="double" value="0.35311802510609347" /><field name="innovation" type="long" value="-21" /></object><object type="edu.utexas.cs.nn.evolution.genotypes.TWEANNGenotype$FullLinkGene" id="17"><field name="active" type="boolean" value="true" /><field name="recurrent" type="boolean" value="false" /><field name="frozen" type="boolean" value="false" /><field name="sourceInnovation" type="long" value="-1" /><field name="targetInnovation" type="long" value="-9" /><field name="weight" type="double" value="0.7877682819479821" /><field name="innovation" type="long" value="-26" /></object><object type="edu.utexas.cs.nn.evolution.genotypes.TWEANNGenotype$FullLinkGene" id="18"><field name="active" type="boolean" value="true" /><field name="recurrent" type="boolean" value="false" /><field name="frozen" type="boolean" value="false" /><field name="sourceInnovation" type="long" value="-2" /><field name="targetInnovation" type="long" value="-6" /><field name="weight" type="double" value="-2.272704210997123E-4" /><field name="innovation" type="long" value="-12" /></object><object type="edu.utexas.cs.nn.evolution.genotypes.TWEANNGenotype$FullLinkGene" id="19"><field name="active" type="boolean" value="true" /><field name="recurrent" type="boolean" value="false" /><field name="frozen" type="boolean" value="false" /><field name="sourceInnovation" type="long" value="-2" /><field name="targetInnovation" type="long" value="-7" /><field name="weight" type="double" value="0.4816674482124037" /><field name="innovation" type="long" value="-17" /></object><object type="edu.utexas.cs.nn.evolution.genotypes.TWEANNGenotype$FullLinkGene" id="20"><field name="active" type="boolean" value="true" /><field name="recurrent" type="boolean" value="false" /><field name="frozen" type="boolean" value="false" /><field name="sourceInnovation" type="long" value="-2" /><field name="targetInnovation" type="long" value="-8" /><field name="weight" type="double" value="1.5220771215647115" /><field name="innovation" type="long" value="-22" /></object><object type="edu.utexas.cs.nn.evolution.genotypes.TWEANNGenotype$FullLinkGene" id="21"><field name="active" type="boolean" value="true" /><field name="recurrent" type="boolean" value="false" /><field name="frozen" type="boolean" value="false" /><field name="sourceInnovation" type="long" value="-2" /><field name="targetInnovation" type="long" value="-9" /><field name="weight" type="double" value="0.48477410737127613" /><field name="innovation" type="long" value="-27" /></object><object type="edu.utexas.cs.nn.evolution.genotypes.TWEANNGenotype$FullLinkGene" id="22"><field name="active" type="boolean" value="true" /><field name="recurrent" type="boolean" value="false" /><field name="frozen" type="boolean" value="false" /><field name="sourceInnovation" type="long" value="-3" /><field name="targetInnovation" type="long" value="-6" /><field name="weight" type="double" value="0.9944498354966549" /><field name="innovation" type="long" value="-13" /></object><object type="edu.utexas.cs.nn.evolution.genotypes.TWEANNGenotype$FullLinkGene" id="23"><field name="active" type="boolean" value="true" /><field name="recurrent" type="boolean" value="false" /><field name="frozen" type="boolean" value="false" /><field name="sourceInnovation" type="long" value="-3" /><field name="targetInnovation" type="long" value="-7" /><field name="weight" type="double" value="-0.4252873131769317" /><field name="innovation" type="long" value="-18" /></object><object type="edu.utexas.cs.nn.evolution.genotypes.TWEANNGenotype$FullLinkGene" id="24"><field name="active" type="boolean" value="true" /><field name="recurrent" type="boolean" value="false" /><field name="frozen" type="boolean" value="false" /><field name="sourceInnovation" type="long" value="-3" /><field name="targetInnovation" type="long" value="-8" /><field name="weight" type="double" value="0.7367199870528742" /><field name="innovation" type="long" value="-23" /></object><object type="edu.utexas.cs.nn.evolution.genotypes.TWEANNGenotype$FullLinkGene" id="25"><field name="active" type="boolean" value="true" /><field name="recurrent" type="boolean" value="false" /><field name="frozen" type="boolean" value="false" /><field name="sourceInnovation" type="long" value="-3" /><field name="targetInnovation" type="long" value="-9" /><field name="weight" type="double" value="-0.9057518945759966" /><field name="innovation" type="long" value="-28" /></object><object type="edu.utexas.cs.nn.evolution.genotypes.TWEANNGenotype$FullLinkGene" id="26"><field name="active" type="boolean" value="true" /><field name="recurrent" type="boolean" value="false" /><field name="frozen" type="boolean" value="false" /><field name="sourceInnovation" type="long" value="-4" /><field name="targetInnovation" type="long" value="-6" /><field name="weight" type="double" value="0.46630840613580604" /><field name="innovation" type="long" value="-14" /></object><object type="edu.utexas.cs.nn.evolution.genotypes.TWEANNGenotype$FullLinkGene" id="27"><field name="active" type="boolean" value="true" /><field name="recurrent" type="boolean" value="false" /><field name="frozen" type="boolean" value="false" /><field name="sourceInnovation" type="long" value="-4" /><field name="targetInnovation" type="long" value="-7" /><field name="weight" type="double" value="0.6521049122219393" /><field name="innovation" type="long" value="-19" /></object><object type="edu.utexas.cs.nn.evolution.genotypes.TWEANNGenotype$FullLinkGene" id="28"><field name="active" type="boolean" value="true" /><field name="recurrent" type="boolean" value="false" /><field name="frozen" type="boolean" value="false" /><field name="sourceInnovation" type="long" value="-4" /><field name="targetInnovation" type="long" value="-8" /><field name="weight" type="double" value="0.06827309952208171" /><field name="innovation" type="long" value="-24" /></object><object type="edu.utexas.cs.nn.evolution.genotypes.TWEANNGenotype$FullLinkGene" id="29"><field name="active" type="boolean" value="true" /><field name="recurrent" type="boolean" value="false" /><field name="frozen" type="boolean" value="false" /><field name="sourceInnovation" type="long" value="-4" /><field name="targetInnovation" type="long" value="-9" /><field name="weight" type="double" value="-0.7459995190747692" /><field name="innovation" type="long" value="-29" /></object><object type="edu.utexas.cs.nn.evolution.genotypes.TWEANNGenotype$FullLinkGene" id="30"><field name="active" type="boolean" value="true" /><field name="recurrent" type="boolean" value="false" /><field name="frozen" type="boolean" value="false" /><field name="sourceInnovation" type="long" value="-5" /><field name="targetInnovation" type="long" value="-6" /><field name="weight" type="double" value="0.730229857936284" /><field name="innovation" type="long" value="-15" /></object><object type="edu.utexas.cs.nn.evolution.genotypes.TWEANNGenotype$FullLinkGene" id="31"><field name="active" type="boolean" value="true" /><field name="recurrent" type="boolean" value="false" /><field name="frozen" type="boolean" value="false" /><field name="sourceInnovation" type="long" value="-5" /><field name="targetInnovation" type="long" value="-7" /><field name="weight" type="double" value="0.2887099799447397" /><field name="innovation" type="long" value="-20" /></object><object type="edu.utexas.cs.nn.evolution.genotypes.TWEANNGenotype$FullLinkGene" id="32"><field name="active" type="boolean" value="true" /><field name="recurrent" type="boolean" value="false" /><field name="frozen" type="boolean" value="false" /><field name="sourceInnovation" type="long" value="-5" /><field name="targetInnovation" type="long" value="-8" /><field name="weight" type="double" value="0.3149915464772164" /><field name="innovation" type="long" value="-25" /></object><object type="edu.utexas.cs.nn.evolution.genotypes.TWEANNGenotype$FullLinkGene" id="33"><field name="active" type="boolean" value="true" /><field name="recurrent" type="boolean" value="false" /><field name="frozen" type="boolean" value="false" /><field name="sourceInnovation" type="long" value="-5" /><field name="targetInnovation" type="long" value="-9" /><field name="weight" type="double" value="0.741820890110904" /><field name="innovation" type="long" value="-30" /></object></array></field><field name="size" type="int" value="20" /><field name="modCount" type="int" value="20" /></object></field><field name="numIn" type="int" value="5" /><field name="numOut" type="int" value="4" /><field name="numModules" type="int" value="1" /><field name="neuronsPerModule" type="int" value="4" /><field name="standardMultitask" type="boolean" value="false" /><field name="hierarchicalMultitask" type="boolean" value="false" /><field name="moduleAssociations"><array type="int" length="1" id="34">0</array></field><field name="moduleUsage"><array type="int" length="1" id="35">4225</array></field><field name="id" type="long" value="10718" /><field name="archetypeIndex" type="int" value="0" /><field name="parents"><object type="java.util.LinkedList" id="36"><field name="size" type="int" value="0" /><field name="first"><object /></field><field name="last"><object /></field><field name="modCount" type="int" value="0" /></object></field></object>