<object type="edu.utexas.cs.nn.evolution.genotypes.HyperNEATCPPNGenotype" id="0"><field name="numCPPNOutputsPerLayerPair" type="int" value="1" /><field name="constructingNetwork" type="boolean" value="false" /><field name="innovationID" type="int" value="4289" /><field name="smallerGenotypes" type="boolean" value="false" /><field name="nodes"><object type="java.util.ArrayList" id="1"><field name="elementData"><array type="java.lang.Object" length="183" id="2"><object type="edu.utexas.cs.nn.evolution.genotypes.TWEANNGenotype$FullNodeGene" id="3"><field name="fromCombiningCrossover" type="boolean" value="false" /><field name="bias" type="double" value="0.0" /><field name="frozen" type="boolean" value="false" /><field name="ntype" type="int" value="0" /><field name="ftype" type="int" value="1" /><field name="innovation" type="long" value="-1" /></object><object type="edu.utexas.cs.nn.evolution.genotypes.TWEANNGenotype$FullNodeGene" id="4"><field name="fromCombiningCrossover" type="boolean" value="false" /><field name="bias" type="double" value="0.0" /><field name="frozen" type="boolean" value="false" /><field name="ntype" type="int" value="0" /><field name="ftype" type="int" value="1" /><field name="innovation" type="long" value="-2" /></object><object type="edu.utexas.cs.nn.evolution.genotypes.TWEANNGenotype$FullNodeGene" id="5"><field name="fromCombiningCrossover" type="boolean" value="false" /><field name="bias" type="double" value="0.0" /><field name="frozen" type="boolean" value="false" /><field name="ntype" type="int" value="0" /><field name="ftype" type="int" value="1" /><field name="innovation" type="long" value="-3" /></object><object type="edu.utexas.cs.nn.evolution.genotypes.TWEANNGenotype$FullNodeGene" id="6"><field name="fromCombiningCrossover" type="boolean" value="false" /><field name="bias" type="double" value="0.0" /><field name="frozen" type="boolean" value="false" /><field name="ntype" type="int" value="0" /><field name="ftype" type="int" value="1" /><field name="innovation" type="long" value="-4" /></object><object type="edu.utexas.cs.nn.evolution.genotypes.TWEANNGenotype$FullNodeGene" id="7"><field name="fromCombiningCrossover" type="boolean" value="false" /><field name="bias" type="double" value="0.0" /><field name="frozen" type="boolean" value="false" /><field name="ntype" type="int" value="0" /><field name="ftype" type="int" value="1" /><field name="innovation" type="long" value="-5" /></object><object type="edu.utexas.cs.nn.evolution.genotypes.TWEANNGenotype$FullNodeGene" id="8"><field name="fromCombiningCrossover" type="boolean" value="false" /><field name="bias" type="double" value="0.0" /><field name="frozen" type="boolean" value="false" /><field name="ntype" type="int" value="2" /><field name="ftype" type="int" value="1" /><field name="innovation" type="long" value="-6" /></object><object type="edu.utexas.cs.nn.evolution.genotypes.TWEANNGenotype$FullNodeGene" id="9"><field name="fromCombiningCrossover" type="boolean" value="false" /><field name="bias" type="double" value="0.0" /><field name="frozen" type="boolean" value="false" /><field name="ntype" type="int" value="2" /><field name="ftype" type="int" value="1" /><field name="innovation" type="long" value="-7" /></object><object type="edu.utexas.cs.nn.evolution.genotypes.TWEANNGenotype$FullNodeGene" id="10"><field name="fromCombiningCrossover" type="boolean" value="false" /><field name="bias" type="double" value="0.0" /><field name="frozen" type="boolean" value="false" /><field name="ntype" type="int" value="2" /><field name="ftype" type="int" value="1" /><field name="innovation" type="long" value="-8" /></object><object type="edu.utexas.cs.nn.evolution.genotypes.TWEANNGenotype$FullNodeGene" id="11"><field name="fromCombiningCrossover" type="boolean" value="false" /><field name="bias" type="double" value="0.0" /><field name="frozen" type="boolean" value="false" /><field name="ntype" type="int" value="2" /><field name="ftype" type="int" value="1" /><field name="innovation" type="long" value="-9" /></object><object /><object /><object /><object /><object /><object /><object /><object /><object /><object /><object /><object /><object /><object /><object /><object /><object /><object /><object /><object /><object /><object /><object /><object /><object /><object /><object /><object /><object /><object /><object /><object /><object /><object /><object /><object /><object /><object /><object /><object /><object /><object /><object /><object /><object /><object /><object /><object /><object /><object /><object /><object /><object /><object /><object /><object /><object /><object /><object /><object /><object /><object /><object /><object /><object /><object /><object /><object /><object /><object /><object /><object /><object /><object /><object /><object /><object /><object /><object /><object /><object /><object /><object /><object /><object /><object /><object /><object /><object /><object /><object /><object /><object /><object /><object /><object /><object /><object /><object /><object /><object /><object /><object /><object /><object /><object /><object /><object /><object /><object /><object /><object /><object /><object /><object /><object /><object /><object /><object /><object /><object /><object /><object /><object /><object /><object /><object /><object /><object /><object /><object /><object /><object /><object /><object /><object /><object /><object /><object /><object /><object /><object /><object /><object /><object /><object /><object /><object /><object /><object /><object /><object /><object /><object /><object /><object /><object /><object /><object /><object /><object /><object /><object /><object /><object /><object /><object /><object /><object /><object /><object /><object /><object /><object /></array></field><field name="size" type="int" value="9" /><field name="modCount" type="int" value="9" /></object></field><field name="links"><object type="java.util.ArrayList" id="12"><field name="elementData"><array type="java.lang.Object" length="24" id="13"><object type="edu.utexas.cs.nn.evolution.genotypes.TWEANNGenotype$FullLinkGene" id="14"><field name="active" type="boolean" value="true" /><field name="recurrent" type="boolean" value="false" /><field name="frozen" type="boolean" value="false" /><field name="sourceInnovation" type="long" value="-5" /><field name="targetInnovation" type="long" value="-9" /><field name="weight" type="double" value="-0.7042610971110272" /><field name="innovation" type="long" value="-30" /></object><object type="edu.utexas.cs.nn.evolution.genotypes.TWEANNGenotype$FullLinkGene" id="15"><field name="active" type="boolean" value="true" /><field name="recurrent" type="boolean" value="false" /><field name="frozen" type="boolean" value="false" /><field name="sourceInnovation" type="long" value="-4" /><field name="targetInnovation" type="long" value="-9" /><field name="weight" type="double" value="-0.8271704442838748" /><field name="innovation" type="long" value="-29" /></object><object type="edu.utexas.cs.nn.evolution.genotypes.TWEANNGenotype$FullLinkGene" id="16"><field name="active" type="boolean" value="true" /><field name="recurrent" type="boolean" value="false" /><field name="frozen" type="boolean" value="false" /><field name="sourceInnovation" type="long" value="-3" /><field name="targetInnovation" type="long" value="-9" /><field name="weight" type="double" value="-0.3185426037245336" /><field name="innovation" type="long" value="-28" /></object><object type="edu.utexas.cs.nn.evolution.genotypes.TWEANNGenotype$FullLinkGene" id="17"><field name="active" type="boolean" value="true" /><field name="recurrent" type="boolean" value="false" /><field name="frozen" type="boolean" value="false" /><field name="sourceInnovation" type="long" value="-2" /><field name="targetInnovation" type="long" value="-9" /><field name="weight" type="double" value="-0.43409369623114213" /><field name="innovation" type="long" value="-27" /></object><object type="edu.utexas.cs.nn.evolution.genotypes.TWEANNGenotype$FullLinkGene" id="18"><field name="active" type="boolean" value="true" /><field name="recurrent" type="boolean" value="false" /><field name="frozen" type="boolean" value="false" /><field name="sourceInnovation" type="long" value="-1" /><field name="targetInnovation" type="long" value="-9" /><field name="weight" type="double" value="-0.47291268163081646" /><field name="innovation" type="long" value="-26" /></object><object type="edu.utexas.cs.nn.evolution.genotypes.TWEANNGenotype$FullLinkGene" id="19"><field name="active" type="boolean" value="true" /><field name="recurrent" type="boolean" value="false" /><field name="frozen" type="boolean" value="false" /><field name="sourceInnovation" type="long" value="-5" /><field name="targetInnovation" type="long" value="-8" /><field name="weight" type="double" value="-0.9834444529368696" /><field name="innovation" type="long" value="-25" /></object><object type="edu.utexas.cs.nn.evolution.genotypes.TWEANNGenotype$FullLinkGene" id="20"><field name="active" type="boolean" value="true" /><field name="recurrent" type="boolean" value="false" /><field name="frozen" type="boolean" value="false" /><field name="sourceInnovation" type="long" value="-4" /><field name="targetInnovation" type="long" value="-8" /><field name="weight" type="double" value="-1.6457859870742446" /><field name="innovation" type="long" value="-24" /></object><object type="edu.utexas.cs.nn.evolution.genotypes.TWEANNGenotype$FullLinkGene" id="21"><field name="active" type="boolean" value="true" /><field name="recurrent" type="boolean" value="false" /><field name="frozen" type="boolean" value="false" /><field name="sourceInnovation" type="long" value="-3" /><field name="targetInnovation" type="long" value="-8" /><field name="weight" type="double" value="0.1584470592623426" /><field name="innovation" type="long" value="-23" /></object><object type="edu.utexas.cs.nn.evolution.genotypes.TWEANNGenotype$FullLinkGene" id="22"><field name="active" type="boolean" value="true" /><field name="recurrent" type="boolean" value="false" /><field name="frozen" type="boolean" value="false" /><field name="sourceInnovation" type="long" value="-2" /><field name="targetInnovation" type="long" value="-8" /><field name="weight" type="double" value="-0.28059326307558785" /><field name="innovation" type="long" value="-22" /></object><object type="edu.utexas.cs.nn.evolution.genotypes.TWEANNGenotype$FullLinkGene" id="23"><field name="active" type="boolean" value="true" /><field name="recurrent" type="boolean" value="false" /><field name="frozen" type="boolean" value="false" /><field name="sourceInnovation" type="long" value="-1" /><field name="targetInnovation" type="long" value="-8" /><field name="weight" type="double" value="-0.5339245321638019" /><field name="innovation" type="long" value="-21" /></object><object type="edu.utexas.cs.nn.evolution.genotypes.TWEANNGenotype$FullLinkGene" id="24"><field name="active" type="boolean" value="true" /><field name="recurrent" type="boolean" value="false" /><field name="frozen" type="boolean" value="false" /><field name="sourceInnovation" type="long" value="-5" /><field name="targetInnovation" type="long" value="-7" /><field name="weight" type="double" value="0.48066049135445055" /><field name="innovation" type="long" value="-20" /></object><object type="edu.utexas.cs.nn.evolution.genotypes.TWEANNGenotype$FullLinkGene" id="25"><field name="active" type="boolean" value="true" /><field name="recurrent" type="boolean" value="false" /><field name="frozen" type="boolean" value="false" /><field name="sourceInnovation" type="long" value="-4" /><field name="targetInnovation" type="long" value="-7" /><field name="weight" type="double" value="0.2886114164569702" /><field name="innovation" type="long" value="-19" /></object><object type="edu.utexas.cs.nn.evolution.genotypes.TWEANNGenotype$FullLinkGene" id="26"><field name="active" type="boolean" value="true" /><field name="recurrent" type="boolean" value="false" /><field name="frozen" type="boolean" value="false" /><field name="sourceInnovation" type="long" value="-3" /><field name="targetInnovation" type="long" value="-7" /><field name="weight" type="double" value="1.3307592470086642" /><field name="innovation" type="long" value="-18" /></object><object type="edu.utexas.cs.nn.evolution.genotypes.TWEANNGenotype$FullLinkGene" id="27"><field name="active" type="boolean" value="true" /><field name="recurrent" type="boolean" value="false" /><field name="frozen" type="boolean" value="false" /><field name="sourceInnovation" type="long" value="-2" /><field name="targetInnovation" type="long" value="-7" /><field name="weight" type="double" value="0.8477135007520653" /><field name="innovation" type="long" value="-17" /></object><object type="edu.utexas.cs.nn.evolution.genotypes.TWEANNGenotype$FullLinkGene" id="28"><field name="active" type="boolean" value="true" /><field name="recurrent" type="boolean" value="false" /><field name="frozen" type="boolean" value="false" /><field name="sourceInnovation" type="long" value="-1" /><field name="targetInnovation" type="long" value="-7" /><field name="weight" type="double" value="0.9597446546202966" /><field name="innovation" type="long" value="-16" /></object><object type="edu.utexas.cs.nn.evolution.genotypes.TWEANNGenotype$FullLinkGene" id="29"><field name="active" type="boolean" value="true" /><field name="recurrent" type="boolean" value="false" /><field name="frozen" type="boolean" value="false" /><field name="sourceInnovation" type="long" value="-5" /><field name="targetInnovation" type="long" value="-6" /><field name="weight" type="double" value="-0.6499526030604252" /><field name="innovation" type="long" value="-15" /></object><object type="edu.utexas.cs.nn.evolution.genotypes.TWEANNGenotype$FullLinkGene" id="30"><field name="active" type="boolean" value="true" /><field name="recurrent" type="boolean" value="false" /><field name="frozen" type="boolean" value="false" /><field name="sourceInnovation" type="long" value="-4" /><field name="targetInnovation" type="long" value="-6" /><field name="weight" type="double" value="0.9179706163425081" /><field name="innovation" type="long" value="-14" /></object><object type="edu.utexas.cs.nn.evolution.genotypes.TWEANNGenotype$FullLinkGene" id="31"><field name="active" type="boolean" value="true" /><field name="recurrent" type="boolean" value="false" /><field name="frozen" type="boolean" value="false" /><field name="sourceInnovation" type="long" value="-3" /><field name="targetInnovation" type="long" value="-6" /><field name="weight" type="double" value="-0.32101945913885577" /><field name="innovation" type="long" value="-13" /></object><object type="edu.utexas.cs.nn.evolution.genotypes.TWEANNGenotype$FullLinkGene" id="32"><field name="active" type="boolean" value="true" /><field name="recurrent" type="boolean" value="false" /><field name="frozen" type="boolean" value="false" /><field name="sourceInnovation" type="long" value="-2" /><field name="targetInnovation" type="long" value="-6" /><field name="weight" type="double" value="0.3517963199515981" /><field name="innovation" type="long" value="-12" /></object><object type="edu.utexas.cs.nn.evolution.genotypes.TWEANNGenotype$FullLinkGene" id="33"><field name="active" type="boolean" value="true" /><field name="recurrent" type="boolean" value="false" /><field name="frozen" type="boolean" value="false" /><field name="sourceInnovation" type="long" value="-1" /><field name="targetInnovation" type="long" value="-6" /><field name="weight" type="double" value="0.565489953682736" /><field name="innovation" type="long" value="-11" /></object><object type="edu.utexas.cs.nn.evolution.genotypes.TWEANNGenotype$FullLinkGene" id="34"><field name="active" type="boolean" value="true" /><field name="recurrent" type="boolean" value="false" /><field name="frozen" type="boolean" value="false" /><field name="sourceInnovation" type="long" value="-7" /><field name="targetInnovation" type="long" value="-9" /><field name="weight" type="double" value="-0.8165039838730068" /><field name="innovation" type="long" value="396" /></object><object /><object /><object /></array></field><field name="size" type="int" value="21" /><field name="modCount" type="int" value="21" /></object></field><field name="numIn" type="int" value="5" /><field name="numOut" type="int" value="4" /><field name="numModules" type="int" value="1" /><field name="neuronsPerModule" type="int" value="4" /><field name="standardMultitask" type="boolean" value="false" /><field name="hierarchicalMultitask" type="boolean" value="false" /><field name="moduleAssociations"><array type="int" length="1" id="35">0</array></field><field name="moduleUsage"><array type="int" length="1" id="36">4225</array></field><field name="id" type="long" value="10721" /><field name="archetypeIndex" type="int" value="0" /><field name="parents"><object type="java.util.LinkedList" id="37"><field name="size" type="int" value="0" /><field name="first"><object /></field><field name="last"><object /></field><field name="modCount" type="int" value="0" /></object></field></object>